,title,price,images,description,Công nghệ âm thanh,Bluetooth,Thương hiệu,Xuất xứ thương hiệu,Camera,Card đồ họa,Chip set,Kết nối,CPU,Kích thước,Loại/ Công nghệ màn hình,Dung lượng ổ cứng,Model,Loại ổ đĩa,Loại pin,Xuất xứ,Trọng lượng,RAM,Độ phân giải,Kích thước màn hình,Hệ điều hành,Wifi,SKU,Bộ nhớ đồ họa,Bus,Tốc độ CPU,Loại RAM,Thiết kế card,Cổng internet (LAN),Kết nối không dây khác,Nhà sản xuất,Ổ đĩa quang,Card Reader,Hiển thị màu sắc,Giao tiếp mạng,Thời gian pin
0,Apple Macbook Pro 2020 M1 - 13 Inchs (Apple M1/ 8GB/ 256GB) - Hàng Chính Hãng,30.899.000 ₫,https://salt.tikicdn.com/cache/w444/ts/product/90/c1/c8/5dd3cb13601f8a2d1ede1c6af5a18862.jpg,,"Stereo speakers with high dynamic range, Three microphones, 3.5 mm Headphone jack",Bluetooth 5.0 wireless technology,Apple,Mỹ,720p FaceTime HD camera,The 8-core GPU in M1 chip,Apple M1,"Two Thunderbolt 3 / USB 4 ports; Support for Charging, DisplayPort, ThunderBolt (up to 40Gbps), USB 3.1 Gen 2 (up to 10 Gbps)","Apple M1 chip with 8-core CPU, 8-core GPU, and 16-core Neural Engine",1.56 cm x 30.41 cm x 21.24 cm,"LED-backlit display with IPS technology; 2560-by-1600 native resolution at 227 pixels per inch with support for millions of colors 500 nits brightness; Wide color gamut (P3), True Tone technology",256GB SSD,Pro 2020 M1,SSD,"58.2-watt-hour lithium-polymer, 61W USB-C Power Adapter",Trung Quốc,1.4 kg,8GB unified memory,WQXGA (2560 x 1600),13.3 inch,MacOS,802.11ax WI-FI 6 wireless networking; IEEE 802.11a/b/g/n/ac compatible; Bluetooth 5.0 wireless technology,5048489092616,,,,,,,,,,,,,
1,Laptop HP 15s-fq1107TU 193Q3PA (Core i3-1005G1/ 4GB DDR4 2666MHz/ 256GB SSD M.2 NVMe/ 15.6 SVA/ Win10) - Hàng Chính Hãng,10.159.000 ₫,https://salt.tikicdn.com/cache/w444/ts/product/ef/18/b8/de3e6dd258a9b8e31c48fb5c3552e210.jpg,"CPU: Intel Core i3-1005G1
Màn hình: 15.6"" SVA (1366 x 768)
RAM: 1 x 4GB DDR4 2666MHz
Đồ họa: Intel UHD Graphics
Lưu trữ: 256GB SSD M.2 NVMe /
Hệ điều hành: Windows 10 Home SL 64-bit
Pin: 3 cell 41 Wh Pin liền
Khối lượng: 1.7 kg
Thiết kế sang trọng
Laptop HP 15s-fq1107TU được thiết kế với kiểu dáng đẹp mắt, với tông màu bạc sang trọng, các góc cạnh của máy được bo tròn để dễ dàng cho vào balo.
Bộ vi xử lý mượt mà
Laptop HP 15s-fq1107TU được trang bị bộ vi xử lý Intel Core i3-1005G1 1.20 GHz, 4MB, RAM 4GB giúp xử lý các ứng dụng nhanh chóng, mượt mà, đồng thời máy cũng đáp ứng được nhu cầu giải trí của người dùng.
Bàn phím bố trí khoa học
Máy có bàn phím số để thuận tiện hơn cho người dùng khi phải thường xuyên thao tác với các con số. Bàn phím được bố trí khoa học giúp người dùng thao tác nhanh chóng, chính xác.
Giá sản phẩm trên Tiki đã bao gồm thuế theo luật hiện hành. Tuy nhiên tuỳ vào từng loại sản phẩm hoặc phương thức, địa chỉ giao hàng mà có thể phát sinh thêm chi phí khác như phí vận chuyển, phụ phí hàng cồng kềnh, ...",,Có,HP,Mỹ,,Intel UHD Graphics,,"1 x USB Type C , 2 x USB 3.1 , 1 x micro SD card slot","Intel Core i3-1005G1 (1.2 GHz - 3.4 GHz / 4MB / 2 nhân, 4 luồng)",,"15.6"" ( 1366 x 768 ) HD SVA không cảm ứng",256GB SSD M.2 NVMe /,,,"3 cell 41 Wh , Pin liền",Trung Quốc,,1 x 4GB DDR4 2666MHz ( 2 Khe cắm / Hỗ trợ tối đa 32GB ),HD (1366 x 768),15.6 inch,Windows 10 Home SL 64-bit,WiFi 802.11ac,1018692973686,,,,,,,,,,,,,
2,Laptop Asus ZenBook UX425EA-BM069T (Core i5-1135G7/ 8GB LPDDR4X 3200MHz (Onboard)/ 512GB SSD M.2 PCIE G3X2/ 14 FHD IPS/ Win10) - Hàng Chính Hãng,22.159.000 ₫,https://salt.tikicdn.com/cache/w444/ts/product/53/cb/0a/126ddb57b0ca3a0d803c0c7a30c311ad.jpg,"Gọn nhẹ và di chuyển dễ dàng
Laptop Asus ZenBook UX425EA-BM069T có thiết kế hoàn toàn bằng kim loại, siêu nhẹ, mỏng và gọn gang. Điều này khiến nó trở thành người bạn đồng hành lý tưởng trong những chuyến công tác. Đó cũng là chiếc laptop 14-inch mỏng nhất thế giới với đầy đủ các cổng kết nối — bao gồm HDMI và USB Type-A — để bạn có thể tận hưởng tính năng kết nối linh hoạt dù ở bất kỳ đâu.
Bản lề ErgoLift được chế tạo chính xác
ZenBook 14 có bản lề ErgoLift được chế tạo chính xác giúp tự động nâng phần sau của laptop một cách từ từ khi mở nắp máy, nghiêng bàn phím tới góc gõ tối ưu. Thao tác này cũng nâng khung máy cho chất lượng âm thanh nâng cao và khả năng làm mát tối ưu.
Màn hình NanoEdge 14 inch
ZenBook 14 có màn hình NanoEdge sáng và rõ nét với bốn viền màn hình mỏng cho tỷ lệ màn hình trên thân máy 90% giúp mang lại trải nghiệm xem chìm đắm hơn.
Hiệu năng tuyệt vời
Bộ vi xử lý Intel Core i5-1135G7 thế hệ mới nhất trên ZenBook 14 mang lại hiệu suất nâng cao khiến các tác vụ đa nhiệm, đòi hỏi hiệu suất và giải trí trở nên nhẹ nhàng. ZenBook 14 cũng được trang bị 512GB PCIe NVMe 3.0 x2 M.2 SSD và Intel WiFi 6 với Gig+ (802.11ax) cho hiệu suất toàn diện siêu việt.
Thời lượng pin lớn
Với thời lượng pin 22 giờ tuyệt vời của ZenBook 14, việc di chuyển mà không mang theo sạc không phải vấn đề gì nghiêm trọng. Khi bạn cần sạc pin, tính năng sạc nhanh có thể khôi phục mức pin tới 60% chỉ trong 49 phút, vì vậy bạn sẽ sẵn sàng lên đường trong chớp mắt.",Harman Kardon,V5.0,Asus,Đài Loan,3D IR HD camera with Windows Hello support,Intel Iris Xe Graphics,1135G7,"2x Thunderbolt 4 USB-C (up to 40Gbps), 1x USB 3.2 Gen 1 Type-A (up to 5Gbps), 1x Standard HDMI 2.0a",Intel Core i5,31.9 x 20.8 x 1.39 (cm),IPS LCD,512GB,,SSD,4 Cell 67WHr Lithium-Polymer,Trung Quốc,1.17kg,8GB,Full HD (1920 x 1080),14 inch,Windows 10 Home,Intel WiFi 6 with Gig+ performance (802.11ax),1764656931789,Share,3200MHz,2.4GHz up to 4.2GHz,LPDDR4X,Tích hợp,,,,,,,,
3,"Laptop MSI GF63 Thin 9SCSR-846VN (Core i7-9750H/ 8GB DDR4 2666MHz/ 512GB SSD M.2 PCIE/ GTX 1650Ti 4GB GDDR5 with Max-Q/ 15.6 FHD IPS, 144Hz/ Win10) - Hàng Chính Hãng",22.990.000 ₫,https://salt.tikicdn.com/cache/w444/ts/product/85/d3/32/46de2fb6dc496800f5ded7c0638ccd67.jpg,,,v5.0,MSI,Đài Loan,HD type (30fps@720p),NVIDIA GeForce GTX 1650Ti 4GB GDDR5 with Max-Q Design + Intel UHD Graphics 630,,"3x USB3.2 Gen1, 1x Type-C USB3.2 Gen1, HDMI, RJ-45",Intel Core i7-9750H 2.6GHz up to 4.5GHz 12MB,359 x 254 x 21.7 mm,"IPS, 144Hz, Thin Bezel, Anti-Glare","512GB SSD M.2 PCIE, x1 slot 2.5"" SATA3",9SCSR-846VN,,3 Cell 51WHr,Trung Quốc,1.86 kg,"8GB DDR4 2666MHz (2x SO-DIMM socket, up to 32GB SDRAM)",Full HD (1920 x 1080),15.6 inch,Windows 10 Home,802.11 ac,8937862471551,,,,,,Gb LAN,,,,,,,
4,Apple Macbook Air 2020 M1 - 13 Inchs (Apple M1/ 16GB/ 256GB) - Hàng Chính Hãng,30.950.000 ₫,https://salt.tikicdn.com/cache/w444/ts/product/dc/2a/f2/93e32642db37b0f015faafb05ed8923c.jpg,"Sang trọng, cơ động và đẳng cấp 
Được chế tác tinh xảo từ kim loại nguyên khối tái chế, Apple đem đến một phiên bản Apple Macbook Air 2020 M1 sang trọng, đẳng cấp nhưng vẫn giữ được độ mỏng nhẹ, đề cao tính di động, bắt kịp xu hướng hiện nay.
Chip bảo mật T2 mã hóa mọi thông tin trên máy đảm bảo thông tin cá nhân của bạn. Đăng nhập vào máy dễ dàng bằng bảo mật vân tay, hỗ trợ thanh toán online cực kì nhanh chóng và tiện lợi.
Vi xử lí M1 - bước tiến mới của MacBook Air
MacBook Air 2020 lần đầu giới thiệu con chip M1 mà Apple thiết kế đặc biệt dành cho MacBook có CPU 8 lõi cùng với Neural Engine 16 lõi đem đến tốc độ CPU nhanh hơn tới 3,5 lần. GPU 7 lõi tăng hiệu suất nhanh hơn tới 5 lần so với thế hệ trước. Các ứng dụng văn phòng, giải trí đến đồ họa, chỉnh sửa hình ảnh lẫn dựng vlog, edit video đều không thể làm khó chiếc MacBook thế hệ mới này. 
RAM 16 GB cho khả năng làm việc đa nhiệm mượt mà, không giật lag. Cùng với đó là ổ cứng SSD 256 GB xử lí nhanh chóng các tác vụ trên máy, khởi động Windows chỉ trong vài giây đồng thời cung cấp không gian số rộng lớn. 
Màn hình hiển thị sống động
Hình ảnh chi tiết và chân thật hơn bao giờ hết được thể hiện trên màn hình Retina 13,3 inch, độ phân giải (2560 x 1600). Mọi nội dung đều được tái hiện sắc nét và rõ ràng với gam màu rực rỡ.
Viền màn hình mỏng kết hợp với công nghệ IPS sẽ khiến cho mọi cái nhìn không còn giới hạn. Công nghệ True Tone giúp MacBook Air tự động điều chỉnh điểm trắng của màn hình theo nhiệt độ màu của môi trường để có trải nghiệm xem tự nhiên hơn.
Bộ xử lý tín hiệu hình ảnh trong chip M1 giúp bạn trông đẹp nhất cho mọi cuộc gọi FaceTime và hội nghị video. Laptop có đến 3 micrô tích hợp đảm bảo chất lượng đàm thoại tốt, ít tạp âm.
Những tiện ích dành riêng cho bạn
MacBook Air trang bị 2 cổng Thunderbolt 3 (USB-C) chuẩn kết nối hiện đại, truyền dữ liệu cực nhanh lên đến 40 Gb/s. 
Trải nghiệm soạn thảo tuyệt vời với bàn phím Magic. Với các phím tắt mới được lập trình giúp dễ dàng truy cập hơn. Các phím có đèn nền với cảm biến ánh sáng để bạn có thể sử dụng kể cả trong môi trường thiếu sáng.
Thời lượng pin lên đến 18 giờ - nhiều hơn 6 giờ so với các thế hệ MacBook trước đó. Thỏa sức sáng tạo không lo gián đoạn hoặc mang theo MacBook trong các chuyến đi.
Hệ điều hành macOS được nâng cấp kho ứng dụng lớn nhất từ trước đến nay, trợ giúp bạn trong tất cả các tác vụ học tập, làm việc đến giải trí, đáp ứng tất cả nhu cầu của bạn.
Giá sản phẩm trên Tiki đã bao gồm thuế theo luật hiện hành. Tuy nhiên tuỳ vào từng loại sản phẩm hoặc phương thức, địa chỉ giao hàng mà có thể phát sinh thêm chi phí khác như phí vận chuyển, phụ phí hàng cồng kềnh, ...",,v5.0,Apple,Mỹ,,7 nhân GPU,,2 x Thunderbolt 3 (USB-C),Apple M1,,"True Tone Technology, 400 nits, Công nghệ IPS, LED Backlit",256GB,,,PIN liền,Trung Quốc,,16GB,,13.3 inch,,Wi-Fi 6 AX201,7991896733276,,,,,,,,,,,,,
5,Laptop Acer Swift 3 SF314-59-5178 (NX.A0RSV.001) (i5-1135G7/8GB RAM/512GB SSD/14.0 inch FHD IPS/Win10/Hồng) - Hàng Chính Hãng,17.990.000 ₫,https://salt.tikicdn.com/cache/w444/ts/product/db/c5/b9/084eb17bdb22da84236bdb4ab9d26b64.png,"Laptop Acer Swift 3 SF314-59-5178 (NX.A0RSV.001) (i5-1135G7/8GB RAM/512GB SSD/14.0 inch FHD IPS/Win10/Hồng)
THIẾT KẾ NGUYÊN KHỐI BỀN BỈ VÀ GỌN NHẸ
Swift 3, chiếc laptop văn phòng mỏng nhẹ, sở hữu vỏ máy làm từ hợp kim Nhôm - Magie bền bỉ hơn 4 lần và nhẹ hơn 35% so với hợp kim nhôm thông thường, trọng lượng máy chỉ 1.19kg, mỏng 15.95mm.
LỰA CHỌN ĐA DẠNG VỚI PHIÊN BẢN CPU INTEL GEN 11TH HOẶC AMD
Swift 3 tích hợp những CPU mới nhất, đi đầu về mặt công nghệ, có 2 lựa chọn là Intel Core Processors hoặc AMD Ryzen Mobile 4000 Series Processors giúp xử lý mượt mà các tác vụ văn phòng và giải trí. Thiết kế CPU được tối ưu hóa trong thiết kế, hứa hẹn cung cấp mức hiệu năng chưa từng có, cải tiến đáng kể và hiệu quả năng lượng đáng kinh ngạc.

KHẢ NĂNG HIỂN THỊ ĐỘC ĐÁO VÀ CHUẨN XÁC
Màn hình tràn viền theo xu hướng, cạnh mỏng chỉ 6.3mm. Tích hợp tấm nền 13.5” Ultra HD IPS (2K resolution) hiện thị siêu sắc nét, màu sắc chân thật, sống động trong các môi trường ánh sáng khác nhau. Tỉ lệ màn hình 3:2 mở rộng khung hình thêm 18% theo chiều dọc, phù hợp với đối tượng văn phòng và doanh nhân, giúp tập trung cao hơn trong công việc.

Màn hình tràn viền theo xu hướng, cạnh mỏng chỉ 5.5mm. Tích hợp tấm nền 14,6” FHD IPS hiện thị siêu sắc nét, màu sắc chân thật, sống động trong các môi trường ánh sáng khác nhau. Tỉ lệ màn hình so với thân máy đạt 82.73% cho phép nhìn góc rộng với nội dung nhiều hơn.

CÔNG CỤ THÔNG MINH, BẢN LỀ TIỆN DỤNG
Công nghệ Wake on Voice (WoV) cho phép kích hoạt và đặt lệnh Window 10 bằng giọng nói khi màn hình tắt.

KẾT NỐI HIỆN ĐẠI VỚI NHIỀU THIẾT BỊ NGOẠI VI
Tích hợp Wifi 6 cho tốc độ kết nối nhanh hơn 4 lần so với thế hệ trước, loại bỏ độ trễ giúp đường truyền internet đáng tin cậy.
USB Type-C Thunderbolt 4 mới nhất với khả năng đọc ghi lên đến 40GBps, hổ trợ sạc hai chiều và truy xuất lên đến 2 màn hình 4K.
Thời lượng PIN khủng lên đến 16 tiếng (56Whr) hỗ trợ công nghệ FastCharge cho phép sử dụng liên tục 4 tiếng đồng hồ chỉ với 30 phút sạc.
Giá sản phẩm trên Tiki đã bao gồm thuế theo luật hiện hành. Tuy nhiên tuỳ vào từng loại sản phẩm hoặc phương thức, địa chỉ giao hàng mà có thể phát sinh thêm chi phí khác như phí vận chuyển, phụ phí hàng cồng kềnh, ...",,Bluetooth 5.0,Acer,Trung Quốc,HD webcam with: • 1280 x 720 resolution • 720p HD audio/video recording • Super high dynamic range imaging (SHDR),Intel Iris Xe Graphics,Intel,1 x USB Type-C 1 x USB 3.2 Gen 1 port featuring power-off USB charging 1 x USB 2.0 port,Intel Core i5-1135G7,,,512GB,NX.A0RSV.001,,48Wh,Trung Quốc,,8GB,,,,Intel Wireless Wi-Fi 6 AX201,6848046020366,,,"tối đa 4.20GHz, 4 cores 8 threads",8GB (LPDDR4X_8GB) 2666MHz,,,Bluetooth 5.0,Acer,No,,,,
6,Laptop HP Envy 13-ba1027TU 2K0B1PA (Core i5-1135G7/ 8GB DDR4 3200MHz (Onboard)/ 256GB PCIe NVMe M.2/ 13.3 FHD IPS/ Win10) - Hàng Chính Hãng,21.379.000 ₫,https://salt.tikicdn.com/cache/w444/ts/product/58/c8/ba/1d0bde7776e2d0e90ab4972f58a997e3.jpg,"CPU: Intel Core i5-1135G7 2.4GHz up to 4.2GHz 8MB
Màn hình: 13.3"" FHD (1920 x 1080) IPS with 72% NTSC, BrightView Micro-Edge, 300 nits
RAM: 8GB DDR4 3200MHz (Onboard)
Đồ họa: Intel Iris Xe Graphics
Lưu trữ: 256GB PCIe NVMe M.2 SSD
Hệ điều hành: Windows 10 Home + Office Home & Student
Pin: 3 Cell 51WHr
Thiết kế nhỏ gọn tiện lợi
Laptop HP Envy 13-ba1027TU 2K0B1PA có kích thước nhỏ gọn siêu di động nhờ thiết kế viền mỏng và chế tác bằng chất liệu kim loại nguyên khối màu bạc đẹp mắt. Đây dường như là ưu điểm được nhiều người lựa chọn với khả năng di chuyển tiện lợi, dễ dàng tìm thấy các sản phẩm túi chống sốc phù hợp kích thước cũng như các loại ba lô hay túi xách.
Màn hình độ phân giải FHD
Laptop HP Envy 13-ba1027TU 2K0B1PA được trang bị màn hình sắc nét với kích thước nhỏ gọn 13 inch độ phân giải Full HD được hỗ trợ bởi chip màn hình Intel tích hợp cho chế độ xem phong phú. Thưởng thức hình ảnh rõ nét từ mọi góc độ với góc nhìn rộng 178° và độ phân giải cao sống động, bạn sẽ luôn có một cái nhìn tuyệt vời về nội dung yêu thích của bạn.
Sức mạnh từ bộ vi xử lý Intel Core i5
HP Envy 13-ba1027TU 2K0B1PA sở hữu cấu hình cực tốt khi trang bị bộ vi xử lý Intel Core i5-1135G7, xung nhịp 2.4GHz up to 4.2GHz 8MB cho bạn xử lí các tác vụ mượt mà. Máy có sẵn 8GB RAM DDR4, cho phép mở nhiều ứng dụng, duyệt web nhiều tab cùng lúc.
Khả năng kết nối đa dạng
Máy tính kết nối với các chuẩn hiện nay như: cổng USB Type A, cổng USB Type C, khe cắm thẻ nhớ SD, cổng HDMI và cổng hỗ trợ Audio Jack. Ngoài kết nối bằng cổng, chiếc laptop còn hỗ trợ Bluetooth chuẩn 5.0 và chuẩn Wifi 802.11 b/g/n.
Hệ điều hành Windows 10 bản quyền
Phần mềm ổn định là điều rất quan trọng trong việc sử dụng máy tính. Với hệ điều hành Windows 10 bản quyền được cài sẵn, HP Envy 13-ba1027TU 2K0B1PA luôn được cập nhật những tính năng mới và các bản vá lỗi thường xuyên để bạn luôn sử dụng ổn định.
Khởi động và làm việc nhanh hơn bằng ổ cứng SSD
Chiếc lap top HP Envy 13-ba1027TU 2K0B1PA được trang bị ổ cứng SSD 256GB. Với ổ cứng thể rắn SSD cung cấp cho chiếc laptop tốc độ khởi động máy, mở ứng dụng và truyền dữ liệu nhanh vượt trội so với ổ cứng HDD truyền thống. Đồng thời, độ bền của ổ SSD cũng được đánh giá cao hơn hẳn. Nhờ vậy, bạn sẽ có những trải nghiệm mượt mà trên laptop HP Envy 13.
 Giá sản phẩm trên Tiki đã bao gồm thuế theo luật hiện hành. Tuy nhiên tuỳ vào từng loại sản phẩm hoặc phương thức, địa chỉ giao hàng mà có thể phát sinh thêm chi phí khác như phí vận chuyển, phụ phí hàng cồng kềnh, ...","Bang & Olufsen, Dual speakers, HP Audio Boost",V5.0,HP,Mỹ,HP Wide Vision HD Camera,Intel Iris Xe Graphics,1135G7,"1x Thunderbolt 3 (40Gbps signaling rate) with SuperSpeed USB Type-C 10Gbps signaling rate (USB Power Delivery, DisplayPort 1.4, HP Sleep and Charge), 1x SuperSpeed USB Type-A 5Gbps signaling rate (HP Sleep and Charge), 1x SuperSpeed USB Type-A 5Gbps signaling rate",Intel Core i5,30.65 x 19.46 x 1.69 cm,IPS LCD,256GB,,SSD,3 Cell 51WHr,Trung Quốc,1.3 kg,8GB,Full HD (1920 x 1080),13.3 inch,Windows 10 Home + Office Home & Student,Intel Wi-Fi 6 AX 201 (2x2),2280571527450,Share,3200MHz,2.4GHz up to 4.2GHz 8MB,DDR4,Tích hợp,,,,,MicroSD Media Card Reader,,,
7,Laptop Acer Aspire 5 A515-55G-5633 NX.HZFSV.002 (Core i5-1035G1/ 8GB (4GB + 4GB Onboard) DDR4 2400MHz/ 512GB SSD M.2 NVMe/ MX350 2GB/ 15.6 FHD IPS/ Win10) - Hàng Chính Hãng,17.790.000 ₫,https://salt.tikicdn.com/cache/w444/ts/product/1f/76/ef/dfe757de132858008b9d8235b6d19ca7.jpg,"CPU: Intel Core i5-1035G1
Màn hình: 15.6"" IPS (1920 x 1080)
RAM: 8GB (4GB + 4GB Onboard) DDR4 2400MHz
Đồ họa: NVIDIA GeForce MX350 2GB GDDR5 / Intel UHD Graphics
Lưu trữ: 512GB SSD M.2 NVMe /
Hệ điều hành: Windows 10 Home 64-bit
48 Wh Pin liền
Khối lượng: 1.7kg
Thiết kế cao cấp cùng gọn nhẹ cùng màn hình 15.6 inches rộng rãi
Mang trong mình một thiết kế gọn nhẹ và ngoại hình được tinh chỉnh với độ dày chỉ ở mức 17.95 mm. Điều này giúp cho tổng thể chiếc máy trở nên liền mạch và sang trọng hơn các loại máy khác trên thị trường. Tổng trọng lượng của chiếc máy cũng chỉ ở 1.7kg, có thể nói ở tầm trọng lượng như vầy mọi thao tác mang vác chiếc máy theo đều khá ổn.
Một màn hình 15.6 inches trên chiếc laptop Acer Aspire 5 A515 có thể nói là quá đủ cho cả việc giải trí và làm việc trên chiếc laptop này. Đây là loại màn hình IPS LCD chống chói, giúp bạn làm việc dưới môi trường có độ sáng cao thì không phải ngại việc màn hình bị chói và khó làm việc.
Bàn phím full-size đa dụng cùng khả năng nhanh nhanh nhạy trong thao tác Trackpad
Bàn phím của chiếc laptop Acer Aspire 5 A515 là loại bàn phím full-size với một dãy phím số bên tay phải giúp bạn thuận tiện hơn trong công việc. Cùng với đó, bàn phím này còn có một độ nhạy và độ chính xác nhất có thể trong việc sử dụng cũng như giải trí hay các thao tác văn phòng của bạn cũng được chính xác.
Trackpad của chiếc laptop Acer Aspire 5 A515 được phủ một lớp giúp cho chúng có thể mượt mà và thao tác chuẩn chỉnh nhất có thể. Cùng với đó chúng còn có thể giúp cho bạn sử dụng thay thế hẳn cho một con chuột và làm việc một cách hiệu quả hơn.
Con chip Intel i5-1035G1 đời mới nhất cùng với card đồ hoạ kép linh hoạt
Con chip Intel i5-1035G1 là một trong những con chip đời mới nhất của Intel và chúng có khả năng đảm bảo cho mọi tác vụ trên chiếc laptop Acer Aspire 5 A515 được ổn định và mượt mà nhất có thể. Với 4 nhân 8 luồng hoạt động của con chip, các hoạt động giải trí và làm việc trên chiếc máy luôn được đảm bảo.
Card đồ hoạ kép ngày nay luôn là một xu hướng trên các dòng laptop, chiếc laptop Acer Aspire 5 A515 cũng vậy chúng được trang bị hai card màn hình riêng biệt với card Nvidia MX350 2GB phục vụ cho việc xử lý các hình ảnh đồ hoạ nặng. Cùng với Intel UHD Graphics sẽ đảm nhận vai trò trong việc xử lý tác vụ văn phòng.
RAM 8GB đa nhiệm tối ưu cùng khả năng lưu trữ nhanh chóng 512GB SSD
Một mức ram lớn lên đến 8GB là một trong những lý do mà bạn nên mua chiếc máy laptop Acer Aspire 5 A515 này.Cùng với đó, việc sử dụng chiếc laptop này còn giúp cho bạn có thể đa tác vụ cùng một lúc nhiều trang cũng như bạn có thể vừa chơi game, vừa nghe nhạc hay thậm chí là việc xem trang web.
Một điểm mạnh của chiếc laptop Acer Aspire 5 A515 là việc chúng được trang bị một ổ cứng 512GB SSD. Với một tốc độ vượt trội của bộ nhớ SSD bạn có thể ghi và lấy dữ liệu một cách nhanh chóng. Thêm nữa, điểm đặc biệt là bạn có thể khởi động được windows một cách chuẩn chỉnh và nhanh nhất có thể.
Cổng kết nối đa dạng cùng khả năng sử dụng pin lâu dài với dung lượng pin 48 Whr
Khi cổng kết nối của các máy tính Ultrabook hiện nay dường như bị bỏ bớt hết để có thể đảm bảo được tính mỏng nhẹ. Tuy nhiên với laptop Acer Aspire 5 A515 bạn không cần phải quá lo lắng vì chúng có đầy đủ hết tất cả các cổng kết nối mà một người dùng cơ bản cần dùng, đảm bảo một độ đa dụng và tiện lợi.
Dung lượng pin của chiếc laptop Acer Aspire 5 A515 cũng có thể nói là điểm mạnh tiếp theo khi chúng có thể sử dụng trong điều kiện lâu dài. Tất cả là nhờ vào một viên pin lên đến 3 cell 48Whr. Bạn có thể tận dụng mọi thời gian bạn sử dụng chúng cho việc chơi game, giải trí cũng như là hoàn thành các công việc.
Kết nối Bluetooth 5.0 mới nhất cùng khả năng videocall chất lượng HD ổn định
Có thể nói rằng kết nối là một điều không thể thiếu để thông tin có thể lại gần nhau hơn và điều này là khác dễ dàng đối với chiếc laptop Acer Aspire 5 A515. Điều này là nhờ vào trang bị Bluetooth 5.0 mới nhất trên mẫu laptop này.
Bên cạnh các tính năng đỉnh cao trên thì với một camera chất lượng HD trên laptop Acer Aspire 5 A515 là một điều không thể thiếu để bạn có thể làm việc. Điều này giúp bạn có thể có được những cuộc gọi tốt nhất có thể.
Giá sản phẩm trên Tiki đã bao gồm thuế theo luật hiện hành. Tuy nhiên tuỳ vào từng loại sản phẩm hoặc phương thức, địa chỉ giao hàng mà có thể phát sinh thêm chi phí khác như phí vận chuyển, phụ phí hàng cồng kềnh, ...",,Bluetooth 5.0,Acer,Đài Loan,,NVIDIA GeForce MX350 2GB GDDR5 / Intel UHD Graphics,,"1 x USB Type C , 2 x USB 3.1 , 1 x USB 2.0 , LAN 1 Gb/s","Intel Core i5-1035G1 ( 1.0 GHz - 3.6 GHz / 6MB / 4 nhân, 8 luồng )",,Full HD IPS không cảm ứng,512GB SSD M.2 NVMe,,,"48 Wh , Pin liền",Trung Quốc,,8GB (4GB + 4GB Onboard) DDR4 2400MHz ( 1 Khe cắm / Hỗ trợ tối đa 16GB ),Full HD (1920 x 1080),15.6 inch,Windows 10 Home 64-bit,WiFi 802.11ax (Wifi 6),3330528218913,,,,,,,,,,,,,
8,Laptop Asus ZenBook UX325EA-EG079T (Core i5-1135G7/ 8GB LPDDR4X 3200MHz/ 256GB SSD M.2 PCIE G3X2/ 13.3 FHD IPS/ Win10) - Hàng Chính Hãng,21.449.000 ₫,https://salt.tikicdn.com/cache/w444/ts/product/0a/c1/9c/dbbfeb98ab0ec4a2aebec8e6753b03ec.jpg,"Thiết kế kim loại, hoàn thiện tốt
Laptop ASUS ZenBook UX325EA-EG079T có phần vỏ máy được làm từ hợp kim nhôm với logo ASUS nổi bật trên nắp máy cùng với thiết kế vòng đồng tâm đem lại cho máy vẻ bề ngoài tinh tế và hoàn thiện. Chiếc laptop mỏng nhẹ chỉ nặng 1.11kg và sở hữu bề dày chỉ chưa đến 14mm khiến máy có kích thước nhỏ gọn, dễ dàng trong việc di chuyển.
Lắng nghe người dùng ASUS đã thiết kế lại phần logo trên Asus Zenbook 2020 được đặt sang một bên nhìn tinh tế và sang trọng hơn, thiết kế này được ASUS thay đổi trên dòng Vivobook S. Bàn phím của các dòng ZenBook mới được kéo sát mép, với kích thước phím được làm to hơn.
Trải nghiệm thị giác đắm chìm
ZenBook UX325EA-EG079T sở hữu một màn hình 13-inch IPS với độ phân giải Full-HD, kèm theo đó là viền màn hình NanoEdge siêu mỏng chỉ từ 2.5mm đến 2.9mm giúp cho tỷ lệ màn hình trên thân máy lên tới 90%, đem đến kích thước màn hình tối ưu với thân máy nhỏ nhất có thể. Máy có độ sáng màn hình tối đa lên tới 450nits giúp cho người dùng có trải nghiệm hình ảnh tốt hơn ở điều kiện ánh sáng mạnh như ngoài trời.
Khả năng lưu trữ cực khủng
Nằm trong thân máy nhỏ gọn của chiếc ZenBook UX325EA-EG079T là vi xử lý Intel Core i5-1135G7 thế hệ mới nhất. Máy hỗ trợ tối đa 8GB RAM và 256GB ổ cứng SSD M.2 PCIE.
Dung lượng pin
Chiếc ZenBook UX325EA-EG079T được trang bị pin 67 Wh đem lại tối đa 22 giờ sử dụng trong một lần sạc, quá đủ để sử dụng cho cả một ngày làm việc dù không cần cắm sạc. Máy còn hỗ trợ tính năng sạc nhanh với khả năng sạc từ 1% lên 60% chỉ trong vòng 49 phút.",Harman Kardon,v5.0,Asus,Đài Loan,3D IR HD camera with Windows Hello support,Intel Iris Xe Graphics,,"2x Thunderbolt 4 USB-C (up to 40Gbps), 1x USB 3.2 Gen 1 Type-A (up to 5Gbps), 1x Standard HDMI 2.0a",Intel Core i5-1135G7 2.4GHz up to 4.2GHz 8MB,30.42 x 20.3 x 1.39 ~ 1.39 cm,IPS,256GB,,SSD,4 Cell 67WHr Lithium-Polymer,Trung Quốc,1.11kg,8GB,,13.3 inch,Windows 10 Home,Intel Wi-Fi 6(Gig+)(802.11ax),3181677201826,Share,3200MHz,,LPDDR4X,Tích hợp,,,,,,,,
9,Laptop Acer Nitro 5 2020 AN515-55-77P9 NH.Q7NSV.003 (Core i7-10750H/ 8GB DDR4 2933MHz/ 512GB SSD M.2 PCIE/ GTX 1650Ti 4GB GDDR6/ Win10) - Hàng Chính Hãng,27.790.000 ₫,https://salt.tikicdn.com/cache/w444/ts/product/29/d3/59/69408d603154637a74130fbe2c31b8fb.jpg,"Diện mạo mới, đẹp hơn, gọn gàng hơn
Phiên bản mới của Nitro 5 2020 sở hữu thiết kế gaming ấn tượng với hai màu đen-đỏ chủ đạo, bề mặt laptop thiết kế hầm hố và góc cạnh hơn, thể hiện phong cách hiếu chiến đặc trưng của dòng Nitro. Viền màn hình siêu mỏng 6.3mm cho cảm giác không gian thoáng đãng hơn trước.","Waves MaxxAudio, Acer TrueHarmony",v5.0,Acer,Đài Loan,HD Webcam,NVIDIA GeForce GTX 1650Ti 4GB GDDR6 + Intel UHD Graphics,,1x USB 3.2 Gen 2; 2x USB 3.2 Gen 1; 1x USB Type C; 1x HDMI; 1x RJ45,Intel Core i7-10750H 2.6GHz up to 5.0GHz 12MB,363.4 x 255 x 23.9 mm,"15.6"" FHD (1920 x 1080) IPS, 144Hz, Anti-Glare","512GB SSD M.2 PCIE (Còn trống 1 khe SSD M.2 PCIE và 1 khe 2.5"" SATA)",,,4 Cell 57.5WHr,Trung Quốc,2.30 kg,"8GB DDR4 2933MHz (2x SO-DIMM socket, up to 32GB SDRAM)",Full HD (1920 x 1080),15.6 inch,Windows 10 Home,802.11AX (2x2),5011055726864,,,,,,10/100/1000/Gigabits Base T,,,,,,,
10,Laptop DELL Inspiron 15 7501 X3MRY1 (Core i7-10750H/ 8GB/ 512GB SSD PCIe/ GTX 1650Ti 4GB GDDR6/ 15.6 FHD/ Win10) - Hàng Chính Hãng,27.969.000 ₫,https://salt.tikicdn.com/cache/w444/ts/product/84/92/63/57ec9ef5aa74837a6c3c7a7894b4eb8c.jpg,"Hệ điều hành: Win 10 bản quyền
CPU: Intel Core i7 10750H 2.6GHz, 12MB
RAM: 8GB onboard DDR4/ 2933MHz (1 slot)
Ổ đĩa cứng: 512GB SSD PCIe (M.2 2230) – combo M.2 2230/2280
VGA: NVIDIA GEFORCE GTX 1650Ti 4GB GDDR6
Màn hình: 15.6” inch diagonal Full HD (1920 x 1080) @60Hz Wide View Angle (WVA), Anti glare
Thiết kế mỏng nhẹ hơn
Sang trọng, đẳng cấp với với màu bạc tinh tế, hoàn thiện chắc chắn và vát mỏng đều ở các góc cạnh. Bên cạnh đó Dell đã thiết kế mỏng nhẹ hơn với trọng lượng chỉ 1.8kg dễ dàng mang theo di chuyển đến mọi nơi.
Laptop DELL Inspiron 15 7501 X3MRY1 còn được thiết kế với quạt kép, ống dẫn nhiệt kép và thiết kế bản lề giúp hệ thống của bạn mát mẻ khi làm việc, trong khi lỗ thông hơi mới phía trên bàn phím và dưới máy tính xách tay cải thiện luồng không khí, giúp giữ cho máy tính của bạn luôn mát mẻ, vận hành êm ái.
Màn hình sắc nét
Trang bị màn hình 15.6 inch FHD (1920 x 1080) với viền siêu mỏng giúp mang tới những hình ảnh sắc nét trong một tỉ lệ màn hình lớn, trải nghiệm giải trí trở nên đắm chìm hơn.
Hiệu năng mạnh mẽ
Sức mạnh của Dell Inspiron 15 7501 gần như không giới hạn khi được trang bị bộ vi xử lý Intel Core i7-10750H thế hệ thứ 10 . Con chip trên chiếc laptop có bộ nhớ đệm 12MB và múc xung nhịp  CPU 2.6GHz – 5.0GHz. Kết hợp cùng với RAM 8GB DDR4 2933MHz  khả năng xử lý mượt mà, nhanh chóng mọi tác vụ đặc biệt khi xử lý đa nhiệm.",Realtek High Definition Audio (Speaker : 2 x 2W),Bluetooth 5.0,Dell,Mỹ,HD Web Camera,NVIDIA GEFORCE GTX 1650Ti 4GB GDDR6,,"2 x USB 3.1 Gen 1 Type A ; 1 x USB Type C (port with Thunderbolt/DisplayPort/Power Delivery) ; 1 x HDMI ; 1 x Headphone/Microphone combo jack ; 1 x SSD (M.2 2280),","Intel Core i7 10750H 2.6GHz, 12MB",1.89 x 35.61 x 23.45 cm (H x W x D),"@60Hz Wide View Angle (WVA), Anti glare",512GB SSD PCIe (M.2 2230) – combo M.2 2230/2280,Inspiron 15 7501 X3MRY1,,3 Cell Int (56Wh),Trung Quốc,1.851 kg,8GB onboard DDR4/ 2933MHz (1 slot),Full HD (1920 x 1080),15.6 inch,Win 10 bản quyền,802.11 ax,1904742461848,,,,,,,,,,Micro SD reader (support mSD/mSDHC/mSDXC),,,
11,Laptop Dell Inspiron 3593 N3593C | Core i3-1005G1/ 4GB DDR4 2666MHz/ SSD 256GB PCIe/ 15.6 FHD/ Win10 - Hàng Chính Hãng,10.639.000 ₫,https://salt.tikicdn.com/cache/w444/ts/product/4d/b7/86/863f581eb2a6008f5d8674e38fd1203c.jpg,"CPU 10th Generation Intel Core i3 _ 1005G1 Processor ( 1.20 GHz, 4M Cache, up to 3.40 GHz)
Memory 4GB DDr4 Bus 2666Mhz (2 Slot, 4GB x 01)
HDD 256GB SSD Sata Solid State Drive
VGA Integrated Iris Plus Graphics
Display 15.6 inch Full HD (1920 x 1080) Anti Glare LED Backlit Non Touch Display
Battery 3 Cells 42 Whrs Battery
Weight 2,20 Kg
SoftWare Windows 10 Home SL 64bit
CPU 10th Generation Intel Core i3 _ 1005G1 Processor ( 1.20 GHz, 4M Cache, up to 3.40 GHz)
Memory 4GB DDr4 Bus 2666Mhz (2 Slot, 4GB x 01)
HDD 256GB SSD Sata Solid State Drive
VGA Integrated Iris Plus Graphics
Display 15.6 inch Full HD (1920 x 1080) Anti Glare LED Backlit Non Touch Display
Other Webcam, SD Card Reader, USB 2.0, USB 3.1 Gen 1 Type C, HDMI 1.4b, RJ45 (Available on select configurations), USB 3.1 Gen 1, Headphone & Microphone Audio Jack
Wireless 802.11ac + Bluetooth 4.2, 2.4 GHz
Battery 3 Cells 42 Whrs Battery
Trọng Lượng 2,20 Kg
SoftWare Windows 10 Home SL 64bit
Màu Sắc Black (Đen)
Tiêu thụ điện năng
Laptop Dell Inspiron 3593 N3593C được trang bị tính năng giúp giảm mức tiêu thụ năng lượng bằng cách tự động chuyển đổi hệ thống sang nguồn pin trong một số thời điểm nhất định trong ngày, ngay cả khi hệ thống được cắm vào nguồn điện trực tiếp.",2 tuned speakers with Waves MaxxAudio Pro,"Bluetooth 4.2, 2.4 GHz",Dell,Mỹ,Webcam HD,Integrated Iris Plus Graphics,,"Webcam, SD Card Reader, USB 2.0, USB 3.1 Gen 1 Type C, HDMI 1.4b, RJ45 (Available on select configurations), USB 3.1 Gen 1, Headphone & Microphone Audio Jack","10th Generation Intel Core i3 _ 1005G1 Processor ( 1.20 GHz, 4M Cache, up to 3.40 GHz)",,Full HD (1920 x 1080) Anti Glare LED Backlit,256GB PCIe NVMe M.2 SSD,,SSD,3 Cells 42Whrs Battery,Trung Quốc,4.24 kg,4GB,,,SoftWare Windows 10 Home SL 64bit,802.11ac,5085749847340,,,"1.20 GHz, 4M Cache, up to 3.40 GHz",DDr4,Onboard,RJ 45,,Dell,None,Card Reader,15.6 inch Full HD (1920 x 1080) Anti Glare LED Backlit Non Touch Display,"Wireless 802.11ac + Bluetooth 4.2, 2.4 GHz",
12,Laptop HP Envy 13-ba1028TU 2K0B2PA (Core i5-1135G7/ 8GB DDR4 2666MHz (Onboard)/ 512GB PCIe NVMe/ 13.3 FHD IPS/ Win10 + Office Home & Student) - Hàng Chính Hãng,23.490.000 ₫,https://salt.tikicdn.com/cache/w444/ts/product/66/f6/d5/f7d29b863d75d8e149e12d0c8d896b56.jpg,"Thiết kế hiện đại
Laptop HP Envy 13-ba1028TU 2K0B2PA (Core i5-1135G7/ 8GB DDR4 2666MHz (Onboard)/ 512GB PCIe NVMe/ 13.3 FHD IPS/ Win10 + Office Home & Student) - Hàng Chính Hãng thiết kế theo xu hướng chuẩn hiện đại tương tự như các dòng laptop ultrabook hiện nay với kích thước mỏng hơn và nhẹ hơn. Khung máy bền bỉ với tông màu vàng lịch lãm sẽ đem lại một phong cách chuyên nghiệp cho bạn.
Cấu hình mạnh mẽ
Được trang bị con chip Intel Core i5-1135G7 hiện đại nhất nên bạn có thể xử lý các tác vụ hằng ngày, công việc văn phòng, xem phim, lướt web một cách đơn giản trên HP ENVY 13. Bên cạnh đó, máy tính có 8GB RAM và 512GB PCIe NVMe dung lượng lưu trữ SSD để cung cấp cho người dùng trải nghiệm đa nhiệm mượt mà và lưu trữ dữ liệu thoải mái.
Màn hình full HD
Sở hữu màn hình laptop 13.3 inch Full HD hiển thị hình ảnh rõ nét, sống động. Công nghệ màn hình IPS with 72% NTSC sẽ cho bạn thưởng thức những bức ảnh màu sắc tươi sáng và rực rỡ nhất mà không gây khó chịu cho mắt.
Bàn phím 
HP đã nghiên cứu và trang bị bàn phím hiện đại cùng TouchPad rộng trên chiếc máy tính này nhằm giúp người dùng có trải nghiệm nhập dữ liệu tối ưu. Khoảng cách giữa các phím bấm hợp lý, độ nảy cao và hành trình phím sâu tạo cảm giác nhập liệu nhanh chóng và thoải mái.
Bàn di chuột TouchPad với diện tích lớn, hỗ trợ bạn sử dụng cảm ứng đa điểm để cuộn văn bản, xoay hình ảnh và nhiều thao tác tiện lợi.
Cổng kết nối
Để đáp ứng nhu cầu liên kết với các thiết bị ngoại vi nên đã trang bị đa dạng các cổng I/O. Ở cạnh bên phải là jack nguồn, 2 USB 3.2 Type A và combo tai nghe/micro 3.5mm. Ở cạnh trái đầy đủ hơn với HDMI 2.1, USB 3.1 Type A, Ethernet, USB 3.1 Type C và đầu đọc thẻ SD.","Bang & Olufsen, Dual speakers, HP Audio Boost",v5.0,HP,Mỹ,HP Wide Vision HD Camera,Intel Iris Xe Graphics,,"1x Thunderbolt 3 (40Gbps signaling rate) with SuperSpeed USB Type-C 10Gbps signaling rate (USB Power Delivery, DisplayPort 1.4, HP Sleep and Charge); 1x SuperSpeed USB Type-A 5Gbps signaling rate (HP Sleep and Charge); 1x SuperSpeed USB Type-A 5Gbps signaling rate",Intel Core i5-1135G7 2.4GHz up to 4.2GHz 8MB,30.65 x 19.46 x 1.69 cm,"13.3"" FHD (1920 x 1080) IPS, edge-to-edge glass, micro-edge, BrightView, 400 nits, 100% sRGB",512GB PCIe NVMe M.2 SSD,2K0B2PA,,3 Cell 51WHr,Trung Quốc,1.3 kg,8GB DDR4 2666MHz (Onboard),Full HD (1920 x 1080),13.3 inch,Windows 10 Home + Office Home & Student,Intel Wi-Fi 6 AX 201 (2x2),6475583533936,,,,,,,,,,MicroSD Media Card Reader,,,
13,HP 15s-fq1107TU i3 1005G1 WTY_193Q3PA win 10 bản quyền - hàng chính hãng,10.450.000 ₫,https://salt.tikicdn.com/cache/w444/ts/product/c5/dc/7b/1686dce27fea1b0d2d6f69b06409b73b.png,"CPU : Intel, Core i3 1005G1
RAM : 4 GB, DDR4
Ổ cứng : SSD, 256 GB
Màn hình : 15.6 inchs, 1366 x 768 Pixels
Card màn hình : Intel UHD Graphics, Tích hợp
Cổng kết nối : LAN : Không, WIFI : 802.11 ac
Hệ điều hành : Windows 10 Home SL 64
Trọng lượng : 1.65kg
Mỏng nhẹ và tinh tế
So với thế hệ trước, HP 15s-fq1107TU đã có sự tinh giản đáng kể về thiết kế, để mang đến vẻ bề ngoài thanh thoát và hiện đại hơn. Cổng kết nối LAN truyền thống bị loại bỏ và các kết nối ở hai cạnh bên máy được bố trí lại, giúp laptop trở nên mỏng hơn với độ mỏng chỉ 1,79 cm. Tất nhiên không thể không nhắc tới trọng lượng siêu nhẹ 1,65 kg và kích thước tổng thể vô cùng nhỏ gọn, mang đến tính di động hơn bao giờ hết. Phiên bản màu bạc thời trang, không bao giờ lỗi thời để bạn thêm phần cảm hứng khi làm việc.
Vi xử lý Intel thế hệ thứ 10 Ice Lake, ổ cứng SSD tốc độ cao
HP 15s-fq1107TU sở hữu hiệu năng rất tốt nhờ bộ vi xử lý Intel thế hệ thứ 10 Ice Lake mới nhất. Laptop được trang bị bộ vi xử lý Intel Core i3 1005G1, con chip sản xuất trên tiến trình 10nm, xung nhịp tối đa 3.4 GHz, đủ để chạy tốt những ứng dụng văn phòng, học tập. Đi cùng với đó là 4GB RAM DDR4 và 256GB ổ cứng SSD. Ổ cứng SSD đóng vai trò quan trọng trong việc tăng tốc toàn diện máy tính, khi cả tốc độ khởi động, mở ứng dụng lẫn truyền dữ liệu đều nhanh vượt trội so với những laptop chỉ có ổ HDD. Bạn sẽ được tận hưởng sự mượt mà, nhanh chóng khi sử dụng HP 15s.
Kết nối tiên tiến hàng đầu",,,HP,Mỹ,,Intel HD Graphics,Intel HD Graphics,3 USB 3.1 Gen 1; 1 USB 3.1 Type-C; 1 RJ-45; 1 headphone/microphone combo; 1 HDMI 1.4; 1 AC power (HDMI cable sold separately.),Core i3 1005G,,,256GB,WTY_193Q3PA,SSD,,Trung Quốc / Singapore / Việt Nam,2,4GB,,,,802.11a/b/g/n/ac,7765074667261,2G,,1.2Ghz,DDR4,,Realtek 802.11ac (2x2) WLAN,,HP,,SD,,,
14,"LapTop Lenovo IdeaPad Slim 5 15IIL05 81YK004TVN | Core i3_1005G1 | 8GB | 512GB SSD PCIe | Win 10 | 15.6"" FHD IPS | Hàng Chính Hãng",12.679.000 ₫,https://salt.tikicdn.com/cache/w444/ts/product/95/e8/ca/49f659ac979fded6631d99735c0db7d2.jpg,"Laptop Lenovo IdeaPad 5 15IIL05 i3 (81YK004TVN) là chiếc laptop học tập văn phòng hướng đến người dùng là giới trẻ. Máy có thiết kế thời trang, bảo mật an toàn và cấu hình đủ dùng cho nhu cầu làm việc và giải trí nhẹ nhàng.
Vi xử lí Intel tân tiến nhất
Lenovo IdeaPad 5 trang bị cho mình con chip Intel Core i3 Ice Lake thế hệ 10 mới, được ra mắt cuối năm 2019 cho hiệu năng ổn định, xử lí nhanh, tiết kiệm điện năng.
RAM 8 GB đủ dùng cho việc đa nhiệm, bạn có thể mở đến 20 tab Chrome cùng lúc, hay sử dụng nhiều ứng dụng mà không xảy ra tình trạng đứng máy.
Ổ cứng SSD 512 GB đem đến tốc độ xử lí nhanh, tiết kiệm được khá nhiều thời gian, cho bạn làm việc năng suất hơn. Lenovo IdeaPad 5 chỉ mất khoảng 10-15 giây để mở máy, 3-5 giây để khởi chạy ứng dụng.
Với cấu hình này, Lenovo IdeaPad có thể phục vụ công việc văn phòng, học tập, lướt web mượt mà.
Bảo mật vân tay, khóa camera an toàn
Lenovo IdeaPad 5 sử dụng công nghệ bảo mật bằng vân tay hiện đại, giúp đăng nhập vào máy cực kì nhanh mà không phải nhập mật khẩu thông thường, tăng tính an toàn cho dữ liệu.
Công tắc khóa camera hạn chế được tình trạng đánh cắp hình ảnh, thông tin người dùng, bạn hoàn toàn có thể tắt camera khi không sử dụng.
Mỏng gọn, thời trang
Lenovo IdeaPad 5 được hoàn thiện từ chất liệu vỏ nhựa, riêng phần nắp lưng bằng kim loại giúp cho tổng thể máy sang trọng mà vẫn đảm bảo được độ mỏng nhẹ.
Máy có độ dày 17.9 mm, cân nặng 1.7 kg, khá gọn gàng đối với một chiếc máy tính xách tay 15.6 inch.
Lenovo IdeaPad 5 sử dụng màn hình IPS 15.6 inch độ phân giải Full HD (1920 x 1080) cung cấp không gian nhìn rộng, độ nét cao, phục vụ tối ưu cho giải trí và làm việc.
Viền màn hình mỏng để tối đa không gian hiển thị, cho trải nghiệm nhìn choáng ngợp, hạn chế xao nhãng cũng như khiến ngoại hình của laptop trở nên thời thượng hơn nhiều.
Bề mặt màn hình có một lớp nhám chống chói khi sử dụng ở nơi có ánh sáng phức tạp như trước cửa sổ, ngoài trời, ngược sáng,
Công nghệ âm thanh Dolby Audio đem lại âm thanh vòm trong trẻo, sống động, giúp bạn có được trải nghiệm giải trí đắm chìm khi nghe nhạc, giải trí trực tuyến hay trò chuyện video với bạn bè.
Máy trang bị 2 cổng USB 3.0, 1 cổng HDMI để phục vụ cho việc truyền dữ liệu. Đây là những chuẩn kết nối hiện đại, đa dạng và nhanh chóng.
Laptop sử dụng loại bàn phím Full size, có hàng phím số riêng biệt, soạn thảo, nhập liệu dễ dàng hơn rất nhiều với Lenovo IdeaPad 5.
Bàn phím cũng có bàn phím số - nhanh chóng trong việc nhập liệu và đèn nền thuận tiện khi sử dụng ở nơi không đủ ánh sáng.
Tóm lại, Lenovo IdeaPad 5 15IIL05 i3 là chiếc máy tính có cấu hình ổn định, nhiều tính năng hiện đại phù hợp cho người dùng là sinh viên, học sinh, nhân viên văn phòng.
Giá sản phẩm trên Tiki đã bao gồm thuế theo luật hiện hành. Tuy nhiên tuỳ vào từng loại sản phẩm hoặc phương thức, địa chỉ giao hàng mà có thể phát sinh thêm chi phí khác như phí vận chuyển, phụ phí hàng cồng kềnh, ...",Speakers with Dolby Audio,"Bluetooth 5.0, 2.4 GHz",Lenovo,Trung Quốc,Camera HD 720p,Integrated Intel UHD Graphics,,"FingerPrint, USB A 3.1 (Gen 1), USB C Gen 1 (Power Delivery & Display Port), HDMI 1.4b, Headphone / Mic Combo, Firmware TPM 2.0, Camera HD 720p",10th Generation Intel Core i3 _ 1005G1 Processor,,Anti Glare 250 Nits,512GB PCIe NVMe M.2 SSD,LapTop Lenovo IdeaPad Slim 5,PCIe NVMe M.2 SSD,Lithium,Trung Quốc,"1,70 Kg",8GB DDr4 Bus 3200Mhz Onboard,,,SoftWare Windows 10 Home SL 64bit,802.11ac,6684797401707,,,"1.20 GHz, 4M Cache, Up to 3.40 GHz",DDr4,,,,,,SD Card Reader,15.6 inch Full HD (1920 x 1080) IPS,Wireless 802.11ac,Trên 4 Tiếng
15,Laptop Lenovo IdeaPad 5 14ITL05 82FE00BFVN (Core i5-1135G7/ 8GB DDR4 3200MHz/ 512GB SSD M.2 2242 PCIe 3.0x4 NVMe/ 14 FHD/ Win10) - Hàng Chính Hãng,15.669.000 ₫,https://salt.tikicdn.com/cache/w444/ts/product/04/7c/ed/c647d5d2250086b37e10f3d9c7261fb3.jpg,"Kiểu dáng mỏng nhẹ, hiện đại
Laptop Lenovo IdeaPad 5 14ITL05 82FE00BFVN có thiết kế toát lên vẻ trẻ trung, sang trọng phù hợp với tiêu chuẩn lựa chọn laptop hiện nay. Nắp lưng được hoàn thiện từ chất liệu kim loại phủ sơn màu xám bạc, mỏng nhẹ chỉ 19.9 mm - 1.52 kg, tự tin đồng hành cùng bạn đến bất cứ đâu, dễ mang theo trong các cuộc họp hay chuyến công tác ngắn.
Phần chiếu nghỉ tay cũng được làm bằng kim loại cho cảm giác mát tay, mịn mượt khi sử dụng. Trackpad làm lệch về phía bên trái tạo một không gian nho nhỏ đủ để bạn kê chuột khi cần. Bàn phím của Lenovo IdeaPad 5 có độ nảy tốt, đèn bàn phím giúp người dùng sử dụng máy ở những nơi thiếu sáng dễ dàng hơn.
Màn hình tràn viền hiển thị sắc nét
Máy được trang bị màn hình 14 inch với khung viền mỏng, Lenovo IdeaPad 5 cho bạn khung ảnh rộng hơn trong tổng thể gọn gàng của máy. Độ phân giải Full HD cung cấp hình ảnh rõ nét, độ tương phản cao, màu sắc chân thật cho bạn những thước phim sống động tuyệt vời. Công nghệ Anti-Glare giúp giảm tình trạng màn hình bị chói khi sử dụng ngoài nắng hay dưới ánh đèn.
Bên cạnh đó, công nghệ IPS hiện đại giúp góc nhìn của bạn rộng đến 178 độ, tức là khi bạn nhìn nghiêng, xem từ nhiều hướng thì màn hình vẫn hiển thị rõ ràng.
Vi xử lí thế hệ 11 mạnh mẽ
Với con chip Intel Core i5 thế hệ thứ 11 mới nhất, Lenovo IdeaPad đem đến sức mạnh cân được mọi ứng dụng văn phòng phổ biến hiện nay, học tập trực tuyến, giải trí mượt mà.
RAM 8 GB có thể sử dụng nhiều tab Chrome hay ứng dụng cùng lúc mà không bị đứng máy, có thể dùng được Photoshop, Ai, đáp ứng nhu cầu của những ai làm văn phòng cần làm đồ họa. Laptop sử dụng ổ cứng SSD 512 GB có tốc độ xử lí cực kì nhanh. Khởi động máy chỉ mất khoảng 10-15 giây, mở ứng dụng chỉ từ 3-5 giây, cho bạn trải nghiệm sử dụng trơn tru, làm việc nhanh chóng.",Dolby Advanced Audio,v5.1,Lenovo,Trung Quốc,HD 720p,Intel Iris Xe Graphics,,"1x USB 3.2 Gen 1, 1x USB 3.2 Gen 1 (Always On), 1x USB-C 3.2 Gen 1 (support data transfer, Power Delivery 3.0 and DisplayPort 1.4), 1x HDMI 1.4b, 1x headphone / microphone combo jack (3.5mm)",Intel Core i5-1135G7,321.57 x 211.59 x 17.9-19.9 mm,"IPS, Anti-Glare with 45% NTSC, 300nits",512GB,,SSD,3 Cells 44.5WHrs,Trung Quốc,1.39 kg,8GB,,14 inch,Windows 10 Home,802.11AX (2x2),9570826534534,,3200MHz,2.4GHz up to 4.2GHz 8MB,DDR4,Tích hợp,,,,,"4-in-1 card reader (SD, SDHC, SDXC, MMC)",,,
16,"Laptop Dell Gaming G5 5500 70225485 (Core i7-10750H/ 8GB (4GB x2) DDR4 2933MHz/ 512GB SSD M.2 PCIe/ GTX 1660Ti 6GB GDDR6/ 15.6 FHD WVA, 120Hz/ Win10) - Hàng Chính Hãng",29.600.000 ₫,https://salt.tikicdn.com/cache/w444/ts/product/16/57/d0/89f75c5c15501f8f0bc37ee82fa48ce2.jpg,"Thiết kế
Laptop Dell Gaming G5 5500 70225485 (Core i7-10750H/ 8GB (4GB x2) DDR4 2933MHz/ 512GB SSD M.2 PCIe/ GTX 1660Ti 6GB GDDR6/ 15.6 FHD WVA, 120Hz/ Win10) - Hàng Chính Hãng có thiết kế gần giống với Dell Gaming G3 với hai cạnh sau được vát lại, cùng kiểu bản lề liền khối quen thuộc. Chiếc máy vẫn sử dụng kiểu vật liệu nhựa cứng quen thuộc.
Viền màn hình benzel của máy được làm mỏng hơn, tuy nhiên hai viền trên- dưới vẫn có phần hơi dày. Phần bản lề thiết kế lại với hai đường vát chéo cách điệu mới lạ hơn.
Màn hình
Trang bị màn hình Full HD với tấm nền WVA, hỗ trợ công nghệ chống chói Anti-Glare cùng góc nhìn rộng. Song song đó, độ sáng 300 nits cũng hứa hẹn cho khả năng hiển thị hình ảnh rực rỡ, sắc nét và mượt mà hơn.
Bàn phím
Bàn phím được chế tạo với độ chính xác: Thực hiện mỗi lần nhấp trên bàn phím được thiết kế với nhiều lớp gia cố. Khoảng cách phím được tinh chỉnh hợp lí với cụm WASD được làm nổi bật.
Phía dưới bàn phím là Touchpad được làm nổi với viền xanh bao quanh, diện tích vừa phải, độ nhạy cao giúp bạn thao tác một cách dễ dàng và chính xác
Hiệu năng
Dell G5 15 5500 được trang bị vi xử lý Intel Core i7-10750H thuộc dòng CPU Comet Lake hiệu năng cao, cho khả năng xử lý tốt các tác vụ nặng nhẹ khác nhau. Trang bị hệ thống card đồ họa mạnh mẽ của Nvidia GeForce RTX 1660 Ti 6GB có thể chơi mượt các tựa game Control, Call of Duty: Mordern Warfare, PUBG, CS:GO, Gears 5, Dead Stranding,à thiết kế, chỉnh sửa ảnh và edit video.",Waves MaxxAudio,v5.1,Dell,Mỹ,Widescreen HD (720p),NVIDIA GeForce GTX 1660Ti 6GB GDDR6 + Intel UHD Graphics,,1x USB 3.1 Gen 2 Type-C Thunderbolt 3; 1x USB 3.2 Gen 1; 2x USB 2.0; 1x HDMI 2.0; 1x Mini Displayport; 1x RJ45; 1x Finger Print,Intel Core i7-10750H 2.6GHz up to 5.0GHz 12MB,,"15.6"" FHD (1920 x 1080) WVA, 120Hz, Anti-Glare, 45% NTSC, ~63% sRGB, 250nits","512GB SSD M.2 PCIe (Còn trống 1 khe 2.5"" SATA)",,,4 Cell 68WHr,Trung Quốc,,"8GB (4GB x2) DDR4 2933MHz (2x SO-DIMM socket, up to 32GB SDRAM)",Full HD (1920 x 1080),15.6 inch,Windows 10 Home,Killer Wi-Fi 6 AX1650 (2x2) 802.11ax Wireless,6230346962156,,,,,,Killer Networks E2500V2 Gigabit,,,,2-in-1 SD/MicroMedia Card,,,
17,Laptop HP Envy 13-ba1028TU 2K0B2PA (Core i5-1135G7/ 8GB DDR4 2666MHz (Onboard)/ 512GB PCIe NVMe/ 13.3 FHD IPS/ Win10 + Office Home & Student) - Hàng Chính Hãng,22.790.000 ₫,https://salt.tikicdn.com/cache/w444/ts/product/66/f6/d5/f7d29b863d75d8e149e12d0c8d896b56.jpg,"Thiết kế hiện đại
Laptop HP Envy 13-ba1028TU 2K0B2PA (Core i5-1135G7/ 8GB DDR4 2666MHz (Onboard)/ 512GB PCIe NVMe/ 13.3 FHD IPS/ Win10 + Office Home & Student) - Hàng Chính Hãng thiết kế theo xu hướng chuẩn hiện đại tương tự như các dòng laptop ultrabook hiện nay với kích thước mỏng hơn và nhẹ hơn. Khung máy bền bỉ với tông màu vàng lịch lãm sẽ đem lại một phong cách chuyên nghiệp cho bạn.
Cấu hình mạnh mẽ
Được trang bị con chip Intel Core i5-1135G7 hiện đại nhất nên bạn có thể xử lý các tác vụ hằng ngày, công việc văn phòng, xem phim, lướt web một cách đơn giản trên HP ENVY 13. Bên cạnh đó, máy tính có 8GB RAM và 512GB PCIe NVMe dung lượng lưu trữ SSD để cung cấp cho người dùng trải nghiệm đa nhiệm mượt mà và lưu trữ dữ liệu thoải mái.
Màn hình full HD
Sở hữu màn hình laptop 13.3 inch Full HD hiển thị hình ảnh rõ nét, sống động. Công nghệ màn hình IPS with 72% NTSC sẽ cho bạn thưởng thức những bức ảnh màu sắc tươi sáng và rực rỡ nhất mà không gây khó chịu cho mắt.
Bàn phím 
HP đã nghiên cứu và trang bị bàn phím hiện đại cùng TouchPad rộng trên chiếc máy tính này nhằm giúp người dùng có trải nghiệm nhập dữ liệu tối ưu. Khoảng cách giữa các phím bấm hợp lý, độ nảy cao và hành trình phím sâu tạo cảm giác nhập liệu nhanh chóng và thoải mái.
Bàn di chuột TouchPad với diện tích lớn, hỗ trợ bạn sử dụng cảm ứng đa điểm để cuộn văn bản, xoay hình ảnh và nhiều thao tác tiện lợi.
Cổng kết nối
Để đáp ứng nhu cầu liên kết với các thiết bị ngoại vi nên đã trang bị đa dạng các cổng I/O. Ở cạnh bên phải là jack nguồn, 2 USB 3.2 Type A và combo tai nghe/micro 3.5mm. Ở cạnh trái đầy đủ hơn với HDMI 2.1, USB 3.1 Type A, Ethernet, USB 3.1 Type C và đầu đọc thẻ SD.","Bang & Olufsen, Dual speakers, HP Audio Boost",v5.0,HP,Mỹ,HP Wide Vision HD Camera,Intel Iris Xe Graphics,,"1x Thunderbolt 3 (40Gbps signaling rate) with SuperSpeed USB Type-C 10Gbps signaling rate (USB Power Delivery, DisplayPort 1.4, HP Sleep and Charge); 1x SuperSpeed USB Type-A 5Gbps signaling rate (HP Sleep and Charge); 1x SuperSpeed USB Type-A 5Gbps signaling rate",Intel Core i5-1135G7 2.4GHz up to 4.2GHz 8MB,30.65 x 19.46 x 1.69 cm,"13.3"" FHD (1920 x 1080) IPS, edge-to-edge glass, micro-edge, BrightView, 400 nits, 100% sRGB",512GB PCIe NVMe M.2 SSD,2K0B2PA,,3 Cell 51WHr,Trung Quốc,1.3 kg,8GB DDR4 2666MHz (Onboard),Full HD (1920 x 1080),13.3 inch,Windows 10 Home + Office Home & Student,Intel Wi-Fi 6 AX 201 (2x2),7762193581317,,,,,,,,,,MicroSD Media Card Reader,,,
18,Laptop DELL Inspiron 15 7501 X3MRY1 (Core i7-10750H/ 8GB/ 512GB SSD PCIe/ GTX 1650Ti 4GB GDDR6/ 15.6 FHD/ Win10) - Hàng Chính Hãng,28.900.000 ₫,https://salt.tikicdn.com/cache/w444/ts/product/84/92/63/57ec9ef5aa74837a6c3c7a7894b4eb8c.jpg,"Hệ điều hành: Win 10 bản quyền
CPU: Intel Core i7 10750H 2.6GHz, 12MB
RAM: 8GB onboard DDR4/ 2933MHz (1 slot)
Ổ đĩa cứng: 512GB SSD PCIe (M.2 2230) – combo M.2 2230/2280
VGA: NVIDIA GEFORCE GTX 1650Ti 4GB GDDR6
Màn hình: 15.6” inch diagonal Full HD (1920 x 1080) @60Hz Wide View Angle (WVA), Anti glare
Thiết kế mỏng nhẹ hơn
Sang trọng, đẳng cấp với với màu bạc tinh tế, hoàn thiện chắc chắn và vát mỏng đều ở các góc cạnh. Bên cạnh đó Dell đã thiết kế mỏng nhẹ hơn với trọng lượng chỉ 1.8kg dễ dàng mang theo di chuyển đến mọi nơi.
Laptop DELL Inspiron 15 7501 X3MRY1 còn được thiết kế với quạt kép, ống dẫn nhiệt kép và thiết kế bản lề giúp hệ thống của bạn mát mẻ khi làm việc, trong khi lỗ thông hơi mới phía trên bàn phím và dưới máy tính xách tay cải thiện luồng không khí, giúp giữ cho máy tính của bạn luôn mát mẻ, vận hành êm ái.
Màn hình sắc nét
Trang bị màn hình 15.6 inch FHD (1920 x 1080) với viền siêu mỏng giúp mang tới những hình ảnh sắc nét trong một tỉ lệ màn hình lớn, trải nghiệm giải trí trở nên đắm chìm hơn.
Hiệu năng mạnh mẽ
Sức mạnh của Dell Inspiron 15 7501 gần như không giới hạn khi được trang bị bộ vi xử lý Intel Core i7-10750H thế hệ thứ 10 . Con chip trên chiếc laptop có bộ nhớ đệm 12MB và múc xung nhịp  CPU 2.6GHz – 5.0GHz. Kết hợp cùng với RAM 8GB DDR4 2933MHz  khả năng xử lý mượt mà, nhanh chóng mọi tác vụ đặc biệt khi xử lý đa nhiệm.",Realtek High Definition Audio (Speaker : 2 x 2W),Bluetooth 5.0,Dell,Mỹ,HD Web Camera,NVIDIA GEFORCE GTX 1650Ti 4GB GDDR6,,"2 x USB 3.1 Gen 1 Type A ; 1 x USB Type C (port with Thunderbolt/DisplayPort/Power Delivery) ; 1 x HDMI ; 1 x Headphone/Microphone combo jack ; 1 x SSD (M.2 2280),","Intel Core i7 10750H 2.6GHz, 12MB",1.89 x 35.61 x 23.45 cm (H x W x D),"@60Hz Wide View Angle (WVA), Anti glare",512GB SSD PCIe (M.2 2230) – combo M.2 2230/2280,Inspiron 15 7501 X3MRY1,,3 Cell Int (56Wh),Trung Quốc,1.851 kg,8GB onboard DDR4/ 2933MHz (1 slot),Full HD (1920 x 1080),15.6 inch,Win 10 bản quyền,802.11 ax,7169927511747,,,,,,,,,,Micro SD reader (support mSD/mSDHC/mSDXC),,,
19,"Laptop Dell Gaming G3 3500 G3500A (Core i7-10750H/ 8GB (4GB x2) DDR4 3200MHz/ 512GB SSD M.2 PCIE/ GTX 1650Ti 4GB GDDR6/ 15.6 FHD IPS, 120Hz/ Win10) - Hàng Chính Hãng",26.949.800 ₫,https://salt.tikicdn.com/cache/w444/ts/product/1b/4b/68/20c39a228cbd7c7dd8da4814439e8eae.jpg,"Thể hiện sức mạnh và tốc độ tuyệt vời
Không giống như những dòng laptop gaming thường có ngoại hình quá hầm hố, diện mạo tổng thể Laptop Dell Gaming G3 15 G3500A vẫn toát lên vẻ thanh lịch, truyền tải thông điệp “Game it your way” của Dell, cho phép người dùng dễ dàng cân bằng giữa mục đích chơi game và môi trường công việc.
Với con chip xử lý Intel Core i7 thế hệ thứ 10 cộng thêm bộ RAM 8GB DDR4, chiếc Laptop Dell Gaming G3 15 G3500A thể hiện rõ sức mạnh của một chiếc laptop gaming khi xử lý những tác vụ nặng một cách dễ dàng.
Giải phóng hiệu năng chỉ với một thao tác
Sự góp mặt của bộ vi xử lý đồ họa NVIDIA GeForce GTX 1650Ti đảm bảo sự mượt mà trong mọi tựa game đình đám hiện nay như DoTA, PUBG hay LOL. Ngoài ra, ưu thế của ổ cứng 512GB còn giúp thiết bị có được tốc độ khởi động nhanh nhạy, rút ngắn thời gian sao chép dữ liệu và truy cập ứng dụng.
Khi bước vào giai đoạn quan trọng của game đấu, bạn có thể giải phóng toàn bộ hiệu năng của Laptop Dell Gaming G3 15 G3500A bằng cách nhấn phím F7, lúc này, Game Shift sẽ tự kích hoạt chế độ hiệu năng cao mà không cần người dùng phải thoát game để thao tác.
Màn hình khắc họa sống động mọi chi tiết
Chế độ này giúp tối ưu hóa tốc độ quạt nhằm giữ cho nhiệt độ thiết bị ổn định, từ đó hạn chế những ảnh hưởng tiêu cực của nhiệt tới linh kiện bên trong máy. Nếu muốn trở về trạng thái bình thường, bạn chỉ cần nhấn phím F7 một lần nữa.
Laptop Dell Gaming G3 15 G3500A được giới chuyên môn đánh giá cao về khả năng hiển thị khi sở hữu màn hình 15.6 inch Full HD (1.920 x 1.080 pixels), đi kèm công nghệ Anti – Glare giúp chống lóa hiệu quả và cho thấy sự tiện lợi trong những môi trường ánh sáng khác biệt.
Bàn phím mê hoặc mọi game thủ
Đây là công nghệ cực kì phù hợp với game thủ bởi ưu điểm hạn chế tình trạng mỏi mắt, chói mắt khi nhìn vào màn hình trong nhiều giờ đồng hồ. Những hình ảnh hiển thị trên máy cho thấy sự sống động và chân thực, giúp bạn dễ dàng đắm chìm vào không gian game.
Hiểu rõ tầm quan trọng của trải nghiệm gõ đối với mỗi người chơi game, Dell tích hợp cho Laptop Dell Gaming G3 15 G3500A bàn phím xuất sắc được tô điểm bằng hệ thống đèn nền RBG LED đỉnh cao, giúp chủ nhân chiếc laptop dễ dàng nhận biết rõ ràng từng phím dù ngồi trong điều kiện môi trường ánh sáng yếu. Cụm phím WASD chuyên dụng được thắp sáng sẽ hỗ trợ thao tác chính xác trong từng pha “combat” nghẹt thở.
Giá sản phẩm trên Tiki đã bao gồm thuế theo luật hiện hành. Tuy nhiên tuỳ vào từng loại sản phẩm hoặc phương thức, địa chỉ giao hàng mà có thể phát sinh thêm chi phí khác như phí vận chuyển, phụ phí hàng cồng kềnh, ...",Waves MaxxAudio,v4.2,Dell,Mỹ,Widescreen HD (720p),NVIDIA GeForce GTX 1650Ti 4GB GDDR6 + Intel UHD Graphics,,"1x USB 3.1, 2x USB 2.0, 1x USB Type C HDMI, RJ-45, FingerPrint",Intel Core i7-10750H 2.6GHz up to 5.0GHz 12MB,21.6 (H) x 365.5 (W) x 254 (D) (mm),"15.6"" FHD (1920 x 1080) IPS, 120Hz, Wide View, 250nits, Narrow Bezel, Non-Glare with 45% NTSC, 63% sRGB","512GB SSD M.2 PCIE (1 khe 2.5"" SATA)",,,3 Cell 56WHr,Trung Quốc,2.34 kg,"8GB (4GB x2) DDR4 3200MHz (2x SO-DIMM socket, up to 32GB SDRAM)",Full HD (1920 x 1080),15.6 inch,Windows 10 Home,802.11 AC (2x2),4126355522410,,,,,,Killer Networks 2500V2 Gigabit Ethernet,,,,MicroSD Card Reader,,,
20,"Laptop Asus ROG Strix G15 G512-IAL013T (Core i5-10300H/ 8GB DDR4 3200MHz/ 512GB SSD PCIE G3X4/ GTX 1650Ti 4GB GDDR6/ 15.6 FHD IPS, 144Hz/ Win10) - Hàng Chính Hãng",22.469.000 ₫,https://salt.tikicdn.com/cache/w444/ts/product/f7/1f/c0/46172351fd3a53fcfe1956a4b3e255a8.jpg,"CPU: Intel Core i5 10300H
RAM: 8GB
Ổ cứng: 512GB SSD
VGA: NVIDIA GTX1650Ti 4GB
Màn hình: 15.6 inch FHD
Bàn phím: có đèn led
HĐH: Win 10
Màu: Đen
Trải nghiệm cốt lõi mãnh liệt nhất
G15 G512 là hiện thân của phong cách thiết kế tối giản, mang đến trải nghiệm cốt lõi mãnh liệt nhất. Dư sức để chiến những tựa game nặng kí và xử lý đa nhiệm cùng Windows 10. Hệ thống tản nhiệt thông minh giúp giải phóng sức mạnh của i5 10300H và GTX 1650Ti. Tần số quét màn hình 144Hz nhanh nhất thế giới nâng tầm đẳng cấp của bạn. Với RangeBoost Wi-Fi mạnh mẽ bạn thoải mái tham gia vào các trận đấu hàng vạn người. Bất cứ khi nào bạn chơi game, viền máy lại được trang hoàng bằng dải led Aura Sync cá tính.
Thiết kế tối ưu hóa tính năng
Strix G15 G512 với màu xám kim loại và ấn tượng hơn khi kết hợp với những đường phây xước đẹp mắt. Thiết kế chiến lược này là sự hợp tác của Asus với Tập đoàn BMW Designworks cho ra đời dãi màu 3D Flow Zone sống động. Dải led ánh sáng Aura Sync bao quanh thân máy, bàn phím và logo ROG cũng được đổi mới.
Vỏ máy - Màn hình
Viền màn hình bezel siêu mỏng sẽ khiến màn hình trở nên lớn hơn mà máy thì nhỏ gọn hơn so với các dòng laptop thông thường. Màn hình viền mỏng của Strix G15 G512 sẽ khiến bạn đắm chìm trong cuộc chiến, không lo bị phân tâm. Trải nghiệm bao quát hơn dù là chơi game, xem phim, stream và còn nhiều hơn thế nữa.
Lấy cảm hứng từ cửa gullwing, bản lề sẽ nổi lên khi mở máy lên và kín đáo đóng lại vào khung. Thiết kế bản lề ẩn này sẽ mở ra thêm không gian bổ sung để thông gió và hỗ trợ các tản nhiệt ở phía sau. Bản lề che giấu này cũng giúp cho bản lề cũng như phần nâng cấp dưới máy đỡ bụi hơn
Hiệu năng - An Evolved Gaming Experience - Nâng tầm trải nghiệm game
Mọi thứ từ chơi game nặng cho đến các tác vụ đa nhiệm hàng ngày đều nhanh và mượt mà với Strix G15 G512. Với GeForce GTX 1650Ti và được hỗ trợ ROG Boost lên đến 1540 MHz 115W ở chế độ Turbo sẽ cho phép bạn có gameplay mượt mà. CPU i5 10300H mạnh mẽ được kết hợp với tối đa 32GB RAM DDR4-2993 phục vụ cho giải trí và công việc chuyên sâu. Với khả năng nâng cấp ổ SSD M.2 NVMe lên đến 1TB và FireCuda SSHD 1TB. Dung lượng lưu trữ rộng rãi và tốc độ upload dữ liệu nhanh để mang toàn bộ thư viện trò chơi của bạn đi bất cứ đâu và chơi mọi lúc mọi nơi.
Giá sản phẩm trên Tiki đã bao gồm thuế theo luật hiện hành. Tuy nhiên tuỳ vào từng loại sản phẩm hoặc phương thức, địa chỉ giao hàng mà có thể phát sinh thêm chi phí khác như phí vận chuyển, phụ phí hàng cồng kềnh, ...",,Bluetooth 5.1 (Dual band) 2*2,Asus,Đài Loan,,NVIDIA GeForce GTX 1650 Ti,Mobile Intel HM470 Express Chipsets,1x Type C USB 3.2 Gen 2 with Display Port and G-Sync; 3x Type A USB 3.2 Gen 1; 1x 3.5mm combo audio jack; 2x SO-DIMM slots,"Intel Core i5-10300H Processor 2.5 GHZ (8M Cache, up to 4.5 GH",,15.6'//FHD 1920x1080 16:9//144Hz //Viewing Angle 170 //Value IPS-level //250nits//anti-glare display,512GB M.2 NVMe PCIe 3.0 SSD,,,"48WHrs, 3S1P, 3-cell Li-ion",Trung Quốc,,8GB DDR4-2933 SO-DIMM,Full HD (1920 x 1080),15.6 inch,Windows 10,Intel Wi-Fi 6(Gig+)(802.11ax),4994921915887,,,,,,10/100/1000 Mbps,,,,,,,
21,Laptop LG Gram 2020 14ZD90N-V.AX55A5 (Core i5-1035G7/ 8GB/ 512GB NVMe/ 14 FHD IPS/ NonOS) - Hàng Chính Hãng,23.999.000 ₫,https://salt.tikicdn.com/cache/w444/ts/product/21/2c/fb/ff387ee79486832af8af7221951da807.jpg,"CPU: Intel Core i5-1035G7 1.2GHz up to 3.7GHz 6MB
RAM: 8GB DDR4 3200MHz Onboard (1x SO-DIMM socket, up to 16GB SDRAM)
Ổ cứng: 512GB PCIe NVMe M.2 SSD (2 slot, còn trống 1 khe SSD)
Card đồ họa: Intel Iris Plus Graphics
Màn hình : 4"" FHD (1920 x 1080) IPS, sRGB 96%, 300nits
Webcam: HD Webcam with Dual Mic
Hệ điều hành: Free DOS
Pin: 4 Cell 72WHr (9.450mAh)",HD Audio with DTS:X Ultra,v5.0,LG,Hàn Quốc,HD Webcam with Dual Mic,Intel Iris Plus Graphics,1035G7,"2x USB 3.1, HDMI, 1x USB 3.1 Gen2 Type-C, Thunderbolt 3 (Power delivery), Finger Print",Intel Core i5,323.4 x 209.8 x 16.8mm,"IPS, sRGB 96%, 300nits",512GB,,"SSD (2 slot, còn trống 1 khe SSD)",4 Cell 72WHr (9.450mAh),Trung Quốc,999g,"8GB (1x SO-DIMM socket, up to 16GB SDRAM)",Full HD (1920 x 1080),14 inch,Free DOS,Intel Wi-Fi 6 AX201D2W,6290504986731,,3200MHz Onboard,1.2GHz up to 3.7GHz 6MB,DDR4,,10/100 with RJ45 Gender,,,None,"UFS, Micro SD",,,
22,Laptop MSI Modern 14 B11MO-073VN (Core i7-1165G7/ 8GB DDR4 3200MHz/ 512GB PCIe NVMe/ 14 FHD IPS/ Win10) - Hàng Chính Hãng,20.980.000 ₫,https://salt.tikicdn.com/cache/w444/ts/product/ed/5a/9f/1f6dc841d4df3aaed8b1174bc81ad5c9.jpg,"Hiệu năng xử lý tối ưu
Laptop MSI Modern 14 B11MO-073VN được trang bị bộ vi xử lý Intel Core i7-1165G7 thế hệ mới nhất, bộ nhớ 8GB DDR4 và ổ lưu trữ SSD tốc độ cao đem đến khả năng xử lý đa nhiệm một cách nhanh chóng, thời gian khởi động và truy xuất dữ liệu dường như ngay tức thì. Kết hợp với đó là card đồ họa Intel Iris Xe Graphics đáp ứng tốt các nhu cầu cơ bản của người dùng khó tính nhất.
Thiết kế  gọn nhẹ
Bạn sẽ thoải mái di chuyển bất cứ nơi đâu trong cuộc sống năng động hiện nay với MSI Modern 14. Toàn bộ khung máy được làm từ chất liệu cao cấp siêu nhẹ khiến cho trọng lượng chiếc máy đạt chỉ 1.3 kg nhưng vẫn đảm bảo sự cứng cáp cần thiết.
Màn hình chất lượng cao
MSI Modern 14 giúp bạn tận hưởng trọn vẹn toàn bộ nội dung tuyệt đẹp trên màn hình 14 inch IPS chống lóa có độ phân giải lên đến FULL HD cho chất lượng hình ảnh tuyệt đẹp.
MSI Modern 14 có khả năng cung cấp hình ảnh tốt nhất cho bất kỳ nội dung nào mà bạn đang xem. Với công nghệ True Color của MSI, bạn có thể lựa chọn các chế độ hình ảnh khác nhau nhằm đem lại trải nghiệm hình ảnh đẹp nhất phù hợp với thị giác của bạn.
Bàn phím được chế tác chính xác
Bàn phím được thiết kế thuận tiện với hành trình phím được tối ưu hóa sẽ tạo ra sự khác biệt khi gõ. Bạn có thể gõ thoải mái cả ngày lẫn đêm, với bàn phím có đèn nền. Bên cạnh đó, MSI Modern 14 đi kèm với một bàn di chuột cực lớn đáp ứng tất cả các cử chỉ đa ngón tay của bạn với phản ứng nhanh hơn, chính xác hơn và mượt mà khi chạm vào.
Giá sản phẩm trên Tiki đã bao gồm thuế theo luật hiện hành. Tuy nhiên tuỳ vào từng loại sản phẩm hoặc phương thức, địa chỉ giao hàng mà có thể phát sinh thêm chi phí khác như phí vận chuyển, phụ phí hàng cồng kềnh, ...",,v5.0,MSI,Đài Loan,HD type (30fps@720p),Intel Iris Xe Graphics,Intel Core,"1x Type-C (USB4 / DP / Thunderbolt3) with PD charging, 1x (4K @ 60Hz) HDMI, 2x Type-A USB3.2 Gen2",Intel Core i7-1165G7 1.2GHz up to 4.7GHz 12MB,,"IPS-Level, 60Hz, 45% NTSC, Thin Bezel, 65% sRGB",512GB PCIe NVMe M.2 SSD,B11MO-073VN,,3 Cell 52WHr,Trung Quốc,1.3kg,"8GB DDR4 3200MHz (1x SO-DIMM socket, up to 32GB SDRAM)",,14 inch,,802.11 ax Wi-Fi 6,9155479373640,,,1.2GHz up to 4.7GHz,DDR4,,,,,,Micro SD,,,
23,"Laptop Dell Gaming G3 3500 G3500A (Core i7-10750H/ 8GB (4GB x2) DDR4 3200MHz/ 512GB SSD M.2 PCIE/ GTX 1650Ti 4GB GDDR6/ 15.6 FHD IPS, 120Hz/ Win10) - Hàng Chính Hãng",26.990.000 ₫,https://salt.tikicdn.com/cache/w444/ts/product/1b/4b/68/20c39a228cbd7c7dd8da4814439e8eae.jpg,"Thể hiện sức mạnh và tốc độ tuyệt vời
Không giống như những dòng laptop gaming thường có ngoại hình quá hầm hố, diện mạo tổng thể Laptop Dell Gaming G3 15 G3500A vẫn toát lên vẻ thanh lịch, truyền tải thông điệp “Game it your way” của Dell, cho phép người dùng dễ dàng cân bằng giữa mục đích chơi game và môi trường công việc.
Với con chip xử lý Intel Core i7 thế hệ thứ 10 cộng thêm bộ RAM 8GB DDR4, chiếc Laptop Dell Gaming G3 15 G3500A thể hiện rõ sức mạnh của một chiếc laptop gaming khi xử lý những tác vụ nặng một cách dễ dàng.
Giải phóng hiệu năng chỉ với một thao tác
Sự góp mặt của bộ vi xử lý đồ họa NVIDIA GeForce GTX 1650Ti đảm bảo sự mượt mà trong mọi tựa game đình đám hiện nay như DoTA, PUBG hay LOL. Ngoài ra, ưu thế của ổ cứng 512GB còn giúp thiết bị có được tốc độ khởi động nhanh nhạy, rút ngắn thời gian sao chép dữ liệu và truy cập ứng dụng.
Khi bước vào giai đoạn quan trọng của game đấu, bạn có thể giải phóng toàn bộ hiệu năng của Laptop Dell Gaming G3 15 G3500A bằng cách nhấn phím F7, lúc này, Game Shift sẽ tự kích hoạt chế độ hiệu năng cao mà không cần người dùng phải thoát game để thao tác.
Màn hình khắc họa sống động mọi chi tiết
Chế độ này giúp tối ưu hóa tốc độ quạt nhằm giữ cho nhiệt độ thiết bị ổn định, từ đó hạn chế những ảnh hưởng tiêu cực của nhiệt tới linh kiện bên trong máy. Nếu muốn trở về trạng thái bình thường, bạn chỉ cần nhấn phím F7 một lần nữa.
Laptop Dell Gaming G3 15 G3500A được giới chuyên môn đánh giá cao về khả năng hiển thị khi sở hữu màn hình 15.6 inch Full HD (1.920 x 1.080 pixels), đi kèm công nghệ Anti – Glare giúp chống lóa hiệu quả và cho thấy sự tiện lợi trong những môi trường ánh sáng khác biệt.
Bàn phím mê hoặc mọi game thủ
Đây là công nghệ cực kì phù hợp với game thủ bởi ưu điểm hạn chế tình trạng mỏi mắt, chói mắt khi nhìn vào màn hình trong nhiều giờ đồng hồ. Những hình ảnh hiển thị trên máy cho thấy sự sống động và chân thực, giúp bạn dễ dàng đắm chìm vào không gian game.
Hiểu rõ tầm quan trọng của trải nghiệm gõ đối với mỗi người chơi game, Dell tích hợp cho Laptop Dell Gaming G3 15 G3500A bàn phím xuất sắc được tô điểm bằng hệ thống đèn nền RBG LED đỉnh cao, giúp chủ nhân chiếc laptop dễ dàng nhận biết rõ ràng từng phím dù ngồi trong điều kiện môi trường ánh sáng yếu. Cụm phím WASD chuyên dụng được thắp sáng sẽ hỗ trợ thao tác chính xác trong từng pha “combat” nghẹt thở.
Giá sản phẩm trên Tiki đã bao gồm thuế theo luật hiện hành. Tuy nhiên tuỳ vào từng loại sản phẩm hoặc phương thức, địa chỉ giao hàng mà có thể phát sinh thêm chi phí khác như phí vận chuyển, phụ phí hàng cồng kềnh, ...",Waves MaxxAudio,v4.2,Dell,Mỹ,Widescreen HD (720p),NVIDIA GeForce GTX 1650Ti 4GB GDDR6 + Intel UHD Graphics,,"1x USB 3.1, 2x USB 2.0, 1x USB Type C HDMI, RJ-45, FingerPrint",Intel Core i7-10750H 2.6GHz up to 5.0GHz 12MB,21.6 (H) x 365.5 (W) x 254 (D) (mm),"15.6"" FHD (1920 x 1080) IPS, 120Hz, Wide View, 250nits, Narrow Bezel, Non-Glare with 45% NTSC, 63% sRGB","512GB SSD M.2 PCIE (1 khe 2.5"" SATA)",,,3 Cell 56WHr,Trung Quốc,2.34 kg,"8GB (4GB x2) DDR4 3200MHz (2x SO-DIMM socket, up to 32GB SDRAM)",Full HD (1920 x 1080),15.6 inch,Windows 10 Home,802.11 AC (2x2),2205585660252,,,,,,Killer Networks 2500V2 Gigabit Ethernet,,,,MicroSD Card Reader,,,
24,"Laptop MSI Bravo 15 A4DCR-270VN (AMD Ryzen 5 4600H/ 8GB DDR4 3200MHz/ 256GB SSD M.2 PCIE/ AMD RX 5300M 3GB GDDR6/ 15.6 FHD IPS, 144Hz/ Win10) - Hàng Chính Hãng",18.259.000 ₫,https://salt.tikicdn.com/cache/w444/ts/product/20/fe/3c/39d340babb424ce43fe90011f94adaca.jpg,"Thiết kế vỏ nhôm xước mỏng và nhẹ, mang tính thẩm mỹ cao
Laptop MSI Bravo 15 A4DCR-270VN (AMD Ryzen 5 4600H/ 8GB DDR4 3200MHz/ 256GB SSD M.2 PCIE/ AMD RX 5300M 3GB GDDR6/ 15.6 FHD IPS, 144Hz/ Win10) - Hàng Chính Hãng có thiết kế nắp máy và phần bàn phím được làm bằng kim loại, kết hợp với thiết kế hiện đại, đem lại cảm hứng để bước vào chiến trường ảo.
Trang bị công nghệ tối tân nhất
Sử dụng công nghệ 7nm hiện đại, trang bị tối đa tới vi xử lí AMD Ryzen 5 4600H và card đồ họa Radeon RX 5300M, đem tới chiếc laptop gaming có hiệu năng ngang tầm máy desktop. Hãy tận hưởng trải nghiệm chơi game và giải trí đa phương tiện tuyệt hảo.
Hệ thống tản nhiệt tân tiến
Cụm tản nhiệt riêng cho cả CPU và GPU với 6 ống dẫn nhiệt, kết hợp lại để dẫn hơi nóng ra ngoài hiệu quả, tối ưu hóa luồng gió để MSI Bravo 15 A4DCR có thể chơi game siêu mượt trong một thiết kế cực mỏng.
Kết nối đa dạng
Bravo 15 có một cổng LAN RJ45, hai cổng Type-C USB 3.2 Gen 1, hai cổng Type-A USB 3.2 Gen 1 và một cổng HDMI, giúp kết nối cực kì dễ dàng.
Tối ưu sức mạnh
Phần mềm Dragon Center độc quyền của MSI giúp bạn điều chỉnh và tùy biến chiếc laptop MSI Bravo 15 A4DCR theo ý muốn của bản thân. Theo dõi tình trạng hoạt động, điều chỉnh và tối ưu một cách dễ dàng trên một giao diện thống nhất.",2x 2W Speaker,v5.1,MSI,Đài Loan,HD type (30fps@720p),AMD Radeon RX 5300M 3GB GDDR6 + AMD Radeon Graphics,,1x RJ45; 1x (4K @ 30Hz) HDMI; 2x Type-C USB3.2 Gen1; 2x Type-A USB3.2 Gen1,AMD Ryzen 5 4600H 3.0GHz up to 4.0GHz 8MB,359 x 254 x 21.7 mm,"15.6"" FHD (1920 x 1080) IPS, 144Hz, Thin Bezel, Anti-Glare with 45% NTSC",256GB SSD M.2 PCIE (Còn trống 1 khe SSD M.2 SATA/PCIe),,,3 Cell 51WHr,Trung Quốc,1.96 kg,"8GB DDR4 3200MHz (2x SO-DIMM socket, up to 32GB SDRAM)",,15.6 inch,Windows 10 Home,Intel Wi-Fi 6 AX200 (2*2 ax),9036024733571,,,,,,Gb LAN,,,,,,,
25,Microsoft Surface Laptop 2 - Core i5-8250U/RAM 8GB/ SSD 256GB - Hàng Chính Hãng,31.900.000 ₫,https://salt.tikicdn.com/cache/w444/ts/product/03/53/59/7061195b12130cf304e983f72642cd6c.jpg,"Chip: Intel Core i5-8250U (1.6 GHz Turbo Boost 3.4 GHz)
RAM: 8GB
Ổ cứng: 256GB SSD
Chipset đồ họa: Intel UHD Graphics 620
Màn hình: 13.5 inch + 2256 x 1504 (201 PPI) Touch
Hệ điều hành: Windows 10 Home

Sau những thành công của Laptop Surface 1 thì Mircosoft đã bất ngờ công bố người đàn em của Surface Laptop 1 đó là Surface Laptop 2 i5 với nhiều thay đổi đáng kể về phần cứng. Hãy cùng tìm hiểu những thay đổi đó là gì nhé
Microsoft Công Bố Surface Laptop 2 i5 Với Màu Đen Nhám Và Vi Xử Lý Intel Thế Hệ Thứ 8
 ",Stereo microphones Omnisonic Speakers with Dolby Audio Premium,,Microsoft,,,,,,,,,256GB,Microsoft Surface Laptop 2,,,,,,,,,,1857986324892,,,,,,,,,,,,,
26,Laptop MSI Modern 14 B11SB-244VN (Core i5-1135G7/ 8GB DDR4 3200MHz/ 512GB PCIe NVMe/ MX450 2GB GDDR5/ 14 FHD IPS/ Win10) - Hàng Chính Hãng,21.480.000 ₫,https://salt.tikicdn.com/cache/w444/ts/product/0c/af/ea/5c4737f8f4e014aa7734c17fd9577e7c.jpg,"Thiết kế gọn nhẹ, linh hoạt
Laptop MSI Modern 14 B11SB-244VN ghi điểm trong lòng khách hàng nhờ vẻ ngoài linh hoạt nhỏ gọn. Kích thước của chiếc laptop vô cùng nhỏ gọn, mỏng manh  cùng trọng lượng chỉ 1.3kg. Vì vậy, bạn có thể yên tâm về chất lượng của chiếc laptop và cũng dễ dàng sử dụng máy ở bất cứ nơi nào mình muốn.
Cấu hình mạnh mẽ, đồ họa tốt
Cấu hình vô cùng siêu khủng với bộ vi xử lý  Intel Core i5-1135G7 thế hệ mới nhất cùng ổ cứng SSD 512GB NVMe PCIe Gen3x4 tối ưu hóa tốc độ xử lý chương trình trên máy. Đi kèm với bộ vi xử lý và ổ cứng trên là card đồ họaGeForce MX450 2GB . Đây được coi một chiếc máy tính xách tay mà trên đó có thể sử dụng các ứng dụng chỉnh sửa hình ảnh, dựng video hay thậm chí chơi game một cách vô cùng trơn tru, mượt mà.
Màn hình cho hình ảnh chất lượng
Được trang bị màn hình viền mỏng 14 inch kết hợp độ phân giải FullHD đem đến chất lượng hiển thị sống động và sắc nét. Ngoài ra, các thông số khác như IPS-Level 60Hz là điểm cộng cho máy để người dùng thực hiện công việc sáng tạo, thiết kế, chỉnh sửa ảnh và video tốt nhất. 
Bàn phím, touchpad tối ưu hóa
Hành trình phím  được tối ưu hóa giúp việc gõ thoải mái và chính xác hơn phù hợp với mọi tác vụ như đánh máy, chơi game. Touchpad với diện tích di chuột cực rộng rãi cho bạn dễ dàng thao tác mà không cần thêm chuột rời.
Cổng kết nối đa dạng với nhiều thiết bị
Cung cấp tối đa  USB ở dạng USB 3.1 hiệu quả cao chuyển nhanh gấp 10 lần so với USB 2.0. Ngoài ra vẫn trang bị đủ các cổng kết nối để đáp ứng nhu cầu kết nối với các thiết bị ngoại vi khác.
Giá sản phẩm trên Tiki đã bao gồm thuế theo luật hiện hành. Tuy nhiên tuỳ vào từng loại sản phẩm hoặc phương thức, địa chỉ giao hàng mà có thể phát sinh thêm chi phí khác như phí vận chuyển, phụ phí hàng cồng kềnh, ...",2x 2W Speaker,v5.1,MSI,Đài Loan,HD type (30fps@720p),NVIDIA GeForce MX450 2GB GDDR5 + Intel Iris Xe Graphics,,"1x Type-C (USB4 / DP / Thunderbolt4) with PD charging, 1x (4K @ 60Hz) HDMI, 2x Type-A USB3.2 Gen2",Intel Core i5-1135G7 2.4GHz up to 4.2GHz 8MB,319 x 219 x 16.9 (mm),"IPS-Level, 60Hz, 72% NTSC, Thin Bezel, 100% sRGB",512GB PCIe NVMe M.2 SSD,B11SB-244VN,SSD,3 Cell 52WHr,Trung Quốc,1.3 kg,"8GB DDR4 3200MHz (1x SO-DIMM socket, up to 32GB SDRAM)",Full HD (1920 x 1080),14 inch,Windows 10 Home,802.11 ax Wi-Fi 6,9788205869035,,,,DDR4,,,,,,Micro SD Card Reader,,,
27,"Laptop Lenovo Legion 5 15ARH05 82B500GTVN (AMD R7-4800H/ 8GB DDR4 3200MHz/ 512GB SSD PCIE G3X4/ GTX 1650Ti 4GB GDDR6/ 15.6 FHD WVA, 144Hz/ Win10) - Hàng Chính Hãng",26.990.000 ₫,https://salt.tikicdn.com/cache/w444/ts/product/dc/20/43/85436ef5e81beeecaa84cdfe8d8106f0.jpg,"Thiết kế độc đáo
Laptop Lenovo Legion 5 15ARH05 82B500GTVN (AMD R7-4800H/ 8GB DDR4 3200MHz/ 512GB SSD PCIE G3X4/ GTX 1650Ti 4GB GDDR6/ 15.6 FHD WVA, 144Hz/ Win10) - Hàng Chính Hãng có kiểu dáng sang trọng và không mang dáng vẻ hầm hố của chiếc laptop gaming. Với kích thước 36.32 x 25.91 x 2.54cm và 2,3kg được làm từ hợp kim nhôm, nhìn chung thiết kế của một chiếc Laptop Gaming như thế này được coi là khá nhẹ. Tạo hình máy mạnh mẽ khá vuông vắn mang lại cảm giác hài lòng ưng ý cho người sử dụng.
Hiệu năng mạnh mẽ
Được trang bị AMD R7 4800H đây là thế mới nhất của AMD, thêm bộ nhớ Ram 8GB DDR giúp khả năng xử lý các tác vụ đa nhiệm mượt mà, nhẹ nhàng hỗ trợ trải nghiệm chơi game tốt nhất, nhanh nhất.
Card rời GTX 1650Ti 4GB hỗ trợ tăng tốc độ xử lý cho các game phổ biến nhất LOL, FO4, CS.GO ở mức FPS 70 max setting, các Game 3D cấu hình cao như PUBG, GTA 5, War Tank, God of War thì cũng chẳng phải nghĩ ngợi nhiều đâu chơi ổn định ở mức cấu hình trung bình ngon lành.
Tản nhiệt
Lenovo Legion 5-15ARH05 (82B500GTVN) trang bị công nghệ Legion Coldfront. Coldfront mang đến các tính năng mới nhất mà hệ thống tản nhiệt hai kênh có thể cung cấp, bao gồm làm mát CPU và GPU riêng cho nhiệt độ hệ thống không bị quá tải, bốn lỗ thông hơi để cải thiện luồng khí, đồng bộ nhiệt chuyên dụng cho nhiệt độ bàn phím mát hơn và 70 cánh quạt riêng lẻ trên mỗi kênh giúp giảm tiếng ồn hệ thống. Chơi liên tiếp trong nhiều giờ liền mà không bị nóng máy.
Màn hình Full HD
Được sử dụng màn hình Full HD có kích thước 15.6 inch gần như tràn viền. Khiến cho các trò chơi yêu thích của bạn trở nên sống động với màn hình chất lượng cao, tần số quét lên đến 144Hz (tùy chọn phiên bản) và độ sáng 300 nit cho người chơi được trải nghiệm hình ảnh chân thực, sắc nét nhất, tạo cảm giác thật khi đang chơi game.",Harman Speakers with Dolby Atmos for Gaming,v5.0,Lenovo,Trung Quốc,HD 720p,NVIDIA GeForce GTX 1650Ti 4GB GDDR6 + AMD Radeon Graphics,,4x USB 3.2 Gen 1 (one Always On); 1x USB 3.2 Type-C Gen 1 (with the function of DisPlay 1.2); 1x HDMI 2.0; 1x Ethernet (RJ-45); 1x headphone / microphone combo jack,AMD Ryzen 7 4800H 2.9GHz up to 4.2GHz 8MB,,"15.6"" FHD (1920x1080) WVA 300nits Anti-glare, 144Hz, 100% sRGB, Dolby Vision","512GB SSD PCIE G3X4, x1 slot 2.5"" SATA (HDD/SSD)",,,4 Cell 60WHr,Trung Quốc,2.3 kg,"8GB DDR4 3200MHz (2x SO-DIMM socket, up to 16GB SDRAM)",Full HD (1920 x 1080),15.6 inch,Windows 10 Home,802.11AX (2x2),8184494526672,,,,,,Gb LAN,,,,,,,
28,Laptop Acer Aspire 5 A514-54-39KU NX.A23SV.003 (Core i3-1115G4/ 4GB DDR4 2666MHz Onboard/ 256GB SSD M.2 PCIE/ 14 FHD IPS/ Win10) - Hàng Chính Hãng,12.309.000 ₫,https://salt.tikicdn.com/cache/w444/ts/product/48/e6/00/aa992f2450cf94732c587571b846e148.jpg,"Thiết kế mỏng nhẹ, linh động
Laptop Acer Aspire 5 A514-54-39KU NX.A23SV.003 (Core i3-1115G4/ 4GB DDR4 2666MHz Onboard/ 256GB SSD M.2 PCIE/ 14 FHD IPS/ Win10) - Hàng Chính Hãng với lớp vỏ bên ngoài từ chất liệu nhôm trơn mịn giúp bảo vệ Aspire 5 2020 trước những va chạm bên ngoài, đồng thời cải thiện hiệu quả tản nhiệt so với vỏ nhựa.
Độ mỏng của máy chỉ 17.95mm, nhẹ chỉ 1.45kg biến chiếc laptop văn phòng này trở thành người bạn đồng hành đắc lực, dễ cất gọn trong balo và đem đi khắp nơi.
Công nghệ cao cấp, hiệu năng mạnh mẽ
Được trang bị vi xử lý Intel Core thế hệ thứ 11 TigerLake mới nhất, mang lại cho Acer Aspire 5 A514-54-39KU sức mạnh xử lý vượt trội. Lưu trữ thấp nhất 256 GB SSD đến cao nhất 1 TB SSD là trang bị tiêu chuẩn trên Aspire 5, đảm bảo mọi tác vụ được xử lý nhanh chóng hơn ổ HDD truyền thống.
Khả năng xử lý vượt trội
Với phiên bản cấu hình có khả năng nâng cấp tối đa lên đến 20GB RAM, card màn hình rời mới nhất NVIDIA GeForce MX450 cực mạnh, việc chơi các game không đòi hỏi cao về cấu hình hay sử dụng các phần mềm thiết kế căn bản, render video đơn giản sẽ không làm khó được Aspire 5.
Hiển thị hình ảnh đẹp sắc nét và bảo vệ mắt
Màn hình FullHD với công nghệ Acer Color Intelligence thể hiện hình ảnh sắc nét và chân thật. Phần mềm ngăn ánh sáng xanh Blue Light Shield được trang bị trên các laptop Acer thế hệ mới, cản 80% ánh sáng xanh độc hại giúp bảo vệ mắt khi sử dụng trong thời gian dài.
Phong cách tối giản, cá tính
Viền màn hình của Aspire 5 2020 A514-54-39KU cũng đã được làm mỏng đúng với xu hướng thiết kế hiện nay, cho không gian làm việc rộng rãi hơn trước. Thiết kế tối giản, với mặt lưng màu trắng bạc mang đến vẻ cá tính và không kém phần thanh lịch, sang trọng, đúng chuẩn một chiếc laptop văn phòng hiện đại.
Chất liệu bền bỉ, chắc chắn
Có thể nói Acer Aspire 5 là sự lựa chọn số một dành cho những bạn thường “xài hao” đồ công nghệ trong thời gian ngắn. Với thiết kế vỏ nhôm cứng cáp, cấu trúc chắc chắn từ bản lề, bàn rê cho đến bàn phím, Acer Aspire 5 có khả năng chịu va đập rất tốt.
Thời lượng pin đến 11 tiếng
Thời lượng pin của Aspire 5 sử dụng CPU thế hệ 11 có thể sử dụng từ 7 -11 giờ liên tục trong ngày cho những hoạt động công sở thường nhật, như vừa xử lý công việc, vừa thưởng thức âm nhạc nhờ vào công nghệ mới của kiến trúc 10nm SuperFin và pin dung lượng khủng.
Kết nối đa phương tiện dễ dàng
Acer Aspire 5 2020 có đầy đủ các cổng kết nối phổ biến gồm cổng USB Type-C, 2 cổng USB 3.2, cổng USB 2.0, cổng HDMI, cổng âm thanh 3.5 mm (hỗ trợ tai nghe có microphone tích hợp), cổng nguồn, đặc biệt là Bluetooth 5.1 và Wi-Fi 6 tốc độ cao. Điểm khác biệt ấn tượng của chiếc laptop mỏng nhẹ này chính là vẫn sở hữu cổng Ethernet ( LAN) có khả năng truyền tải nhanh dữ liệu cỡ lớn, thường chỉ có trên những dòng máy nặng và dày.
Giá sản phẩm trên Tiki đã bao gồm thuế theo luật hiện hành. Tuy nhiên tuỳ vào từng loại sản phẩm hoặc phương thức, địa chỉ giao hàng mà có thể phát sinh thêm chi phí khác như phí vận chuyển, phụ phí hàng cồng kềnh, ...",Acer TrueHarmony technology,v5.1,Acer,Đài Loan,HD Webcam,Intel UHD Graphics,,1x USB 3.2 port with power-off charging; 2x USB 3.2 port; 1x USB Type-C port; 1x RJ-45 port; 1x HDMI port,Intel Core i3-1115G4 3.0GHz up to 4.1GHz 6MB,328 x 233 x 17.95 (mm),"14"" FHD (1920 x 1080) IPS, Acer ComfyView LCD","256GB SSD M.2 PCIE, 1x slot SATA3 2.5""",,,3 Cell 48Whr,Trung Quốc,1.45 kg,"4GB DDR4 2666MHz Onboard (1x SO-DIMM socket, up to 20GB SDRAM)",,14 inch,Windows 10 Home,Intel Wireless Wi-Fi 6 AX201 (2x2),1207234917152,,,,,,Gigabit Ethernet,,,,,,,
29,Surface Pro 7 Core I3 Ram 4Gb Sdd 128Gb Brand New - Hàng chính hãng,18.189.000 ₫,https://salt.tikicdn.com/cache/w444/ts/product/22/0d/c7/d4577b7d18546fc3971485fe8dad27f2.jpg,"Từ khi ra đời, Surface Pro đánh dấu một cột mốc quan trọng cho kỉ nguyên của thiết bị số máy tính lai tablet.
Đó là những thiết bị có màn hình cảm ứng đa điểm sắc nét, bàn phím mềm Type cover có thể tháo rời và chân đế kickstand đặc trưng.
Với khung hợp kim Nhôm-Magie của Surface Pro 7 cũng thể hiện được sự chắc chắn ở mọi góc nhìn, các nút bấm rất chắc chắn và đầm tay, các chi tiết trên máy được hãng làm rất tỉ mỉ, trau chuốt đảm bảo được sự thanh lịch và sang trọng. Các phần cạnh của máy được làm bo tròn mang đến sự trải nghiệm cho người dùng khi cầm nắm không cảm thấy vướng.
Màn hình12.3 inch PixelSense, 2736×1824 (267 ppi), tỷ lệ 3:2, cảm ứng đa điểm
CPUDual-core 10th Gen Intel Core i3-1005G1 Processor
GPUIntel HD Graphics 620
RAM4GB
Ổ lưu trữ SSD: 128GBC
amera trước5MP and 1080p HD front- and rear-facing cameras
Camera sau8.0MP rear-facing autofocus camera with 1080p HD video
Cổng kết nối1 x Surface Connect, 1 x Cover port, microSDXC, 1 x USB 3.0, 1 x USB 3.1 Type-C
Kết nối không dây802.11ac Wi-Fi, Bluetooth 4.1
Loa2 stereo speaker
Kích thước11.50 x 7.93 x 0.33 in (292.10 x 201.42 x 8.5 mm)
Trọng lượng0.76kg",,,Surface,Mỹ,,,,,,,,,,,,Mỹ,,,,,,,2062227500204,,,,,,,,,,,,,
